,region,area,year,bedroom,elevator,parking,storeroom,price
0, آبشار ,100,1400,2,True,True,True,472000000
1, آبشار ,350,1395,3,True,True,False,30000000000
2, آبشار ,60,1393,2,True,False,True,1450000000
3, آبشار ,43,1382,1,False,False,True,810000000
4, آبشار ,88,1377,2,False,True,True,1380000000
5, آبشار ,45,1383,1,False,True,True,1030000000
6, آبشار ,90,1400,2,True,True,True,1000000000
7, آبشار ,130,1386,3,True,True,True,4000000000
8, آبشار ,100,1400,2,True,True,True,472000000
9, آبشار ,350,1395,3,True,True,False,30000000000
10, آبشار ,60,1393,2,True,False,True,1450000000
11, آبشار ,43,1382,1,False,False,True,810000000
12, آبشار ,88,1377,2,False,True,True,1380000000
13, آبشار ,45,1383,1,False,True,True,1030000000
14, آبشار ,90,1400,2,True,True,True,1000000000
15, آبشار ,130,1386,3,True,True,True,4000000000
16, آبشار ,55,1386,1,True,False,True,1045000000
17, آبشار ,70,1391,2,False,False,True,1500000000
18, آبشار ,48,1380,1,False,True,True,1200000000
19, آبشار ,100,1400,2,True,True,True,1300000000
20, آبشار ,150,1399,2,False,True,True,650000000
21, آبشار ,55,1389,1,True,False,True,1030000000
22, آبشار ,45,1399,1,False,True,False,1150000000
23, آبشار ,63,1389,1,True,True,True,1290000000
24, آبشار ,124,1400,2,True,True,True,1314400000
25, آبشار ,63,1384,1,True,False,True,950000000
26, آبشار ,140,1400,3,True,True,True,1442000000
27, آبشار ,52,1385,1,False,True,True,700000000
28, آبشار ,60,1385,1,False,False,True,1360000000
29, آبشار ,60,1384,2,True,True,False,1000000000
30, آبشار ,100,1400,2,True,True,True,472000000
31, آبشار ,350,1395,3,True,True,False,30000000000
32, آبشار ,60,1393,2,True,False,True,1450000000
33, آبشار ,43,1382,1,False,False,True,810000000
34, آبشار ,88,1377,2,False,True,True,1380000000
35, آبشار ,45,1383,1,False,True,True,1030000000
36, آبشار ,90,1400,2,True,True,True,1000000000
37, آبشار ,130,1386,3,True,True,True,4000000000
38, آبشار ,55,1386,1,True,False,True,1045000000
39, آبشار ,70,1391,2,False,False,True,1500000000
40, آبشار ,48,1380,1,False,True,True,1200000000
41, آبشار ,100,1400,2,True,True,True,1300000000
42, آبشار ,150,1399,2,False,True,True,650000000
43, آبشار ,55,1389,1,True,False,True,1030000000
44, آبشار ,45,1399,1,False,True,False,1150000000
45, آبشار ,63,1389,1,True,True,True,1290000000
46, آبشار ,124,1400,2,True,True,True,1314400000
47, آبشار ,63,1384,1,True,False,True,950000000
48, آبشار ,140,1400,3,True,True,True,1442000000
49, آبشار ,52,1385,1,False,True,True,700000000
50, آبشار ,60,1385,1,False,False,True,1360000000
51, آبشار ,60,1384,2,True,True,False,1000000000
52, آبشار ,100,1400,2,True,True,True,472000000
53, آبشار ,350,1395,3,True,True,False,30000000000
54, آبشار ,60,1393,2,True,False,True,1450000000
55, آبشار ,43,1382,1,False,False,True,810000000
56, آبشار ,88,1377,2,False,True,True,1380000000
57, آبشار ,45,1383,1,False,True,True,1030000000
58, آبشار ,90,1400,2,True,True,True,1000000000
59, آبشار ,130,1386,3,True,True,True,4000000000
60, آبشار ,55,1386,1,True,False,True,1045000000
61, آبشار ,70,1391,2,False,False,True,1500000000
62, آبشار ,48,1380,1,False,True,True,1200000000
63, آبشار ,100,1400,2,True,True,True,1300000000
64, آبشار ,150,1399,2,False,True,True,650000000
65, آبشار ,55,1389,1,True,False,True,1030000000
66, آبشار ,45,1399,1,False,True,False,1150000000
67, آبشار ,63,1389,1,True,True,True,1290000000
68, آبشار ,124,1400,2,True,True,True,1314400000
69, آبشار ,63,1384,1,True,False,True,950000000
70, آبشار ,140,1400,3,True,True,True,1442000000
71, آبشار ,52,1385,1,False,True,True,700000000
72, آبشار ,60,1385,1,False,False,True,1360000000
73, آبشار ,60,1384,2,True,True,False,1000000000
74, آبشار ,100,1400,2,True,True,True,472000000
75, آبشار ,350,1395,3,True,True,False,30000000000
76, آبشار ,60,1393,2,True,False,True,1450000000
77, آبشار ,43,1382,1,False,False,True,810000000
78, آبشار ,88,1377,2,False,True,True,1380000000
79, آبشار ,45,1383,1,False,True,True,1030000000
80, آبشار ,90,1400,2,True,True,True,1000000000
81, آبشار ,130,1386,3,True,True,True,4000000000
82, آبشار ,55,1386,1,True,False,True,1045000000
83, آبشار ,70,1391,2,False,False,True,1500000000
84, آبشار ,48,1380,1,False,True,True,1200000000
85, آبشار ,100,1400,2,True,True,True,1300000000
86, آبشار ,150,1399,2,False,True,True,650000000
87, آبشار ,55,1389,1,True,False,True,1030000000
88, آبشار ,45,1399,1,False,True,False,1150000000
89, آبشار ,63,1389,1,True,True,True,1290000000
90, آبشار ,124,1400,2,True,True,True,1314400000
91, آبشار ,63,1384,1,True,False,True,950000000
92, آبشار ,140,1400,3,True,True,True,1442000000
93, آبشار ,52,1385,1,False,True,True,700000000
94, آبشار ,60,1385,1,False,False,True,1360000000
95, آبشار ,60,1384,2,True,True,False,1000000000
96, آبشار ,100,1400,2,True,True,True,472000000
97, آبشار ,350,1395,3,True,True,False,30000000000
98, آبشار ,60,1393,2,True,False,True,1450000000
99, آبشار ,43,1382,1,False,False,True,810000000
100, آبشار ,88,1377,2,False,True,True,1380000000
101, آبشار ,45,1383,1,False,True,True,1030000000
102, آبشار ,90,1400,2,True,True,True,1000000000
103, آبشار ,130,1386,3,True,True,True,4000000000
104, آبشار ,55,1386,1,True,False,True,1045000000
105, آبشار ,70,1391,2,False,False,True,1500000000
106, آبشار ,48,1380,1,False,True,True,1200000000
107, آبشار ,100,1400,2,True,True,True,1300000000
108, آبشار ,150,1399,2,False,True,True,650000000
109, آبشار ,55,1389,1,True,False,True,1030000000
110, آبشار ,45,1399,1,False,True,False,1150000000
111, آبشار ,63,1389,1,True,True,True,1290000000
112, آبشار ,124,1400,2,True,True,True,1314400000
113, آبشار ,63,1384,1,True,False,True,950000000
114, آبشار ,140,1400,3,True,True,True,1442000000
115, آبشار ,52,1385,1,False,True,True,700000000
116, آبشار ,60,1385,1,False,False,True,1360000000
117, آبشار ,60,1384,2,True,True,False,1000000000
118, آبشار ,100,1400,2,True,True,True,472000000
119, آبشار ,350,1395,3,True,True,False,30000000000
120, آبشار ,60,1393,2,True,False,True,1450000000
121, آبشار ,43,1382,1,False,False,True,810000000
122, آبشار ,88,1377,2,False,True,True,1380000000
123, آبشار ,45,1383,1,False,True,True,1030000000
124, آبشار ,90,1400,2,True,True,True,1000000000
125, آبشار ,130,1386,3,True,True,True,4000000000
126, آبشار ,55,1386,1,True,False,True,1045000000
127, آبشار ,70,1391,2,False,False,True,1500000000
128, آبشار ,48,1380,1,False,True,True,1200000000
129, آبشار ,100,1400,2,True,True,True,1300000000
130, آبشار ,150,1399,2,False,True,True,650000000
131, آبشار ,55,1389,1,True,False,True,1030000000
132, آبشار ,45,1399,1,False,True,False,1150000000
133, آبشار ,63,1389,1,True,True,True,1290000000
134, آبشار ,124,1400,2,True,True,True,1314400000
135, آبشار ,63,1384,1,True,False,True,950000000
136, آبشار ,140,1400,3,True,True,True,1442000000
137, آبشار ,52,1385,1,False,True,True,700000000
138, آبشار ,60,1385,1,False,False,True,1360000000
139, آبشار ,60,1384,2,True,True,False,1000000000
140, آبشار ,100,1400,2,True,True,True,472000000
141, آبشار ,350,1395,3,True,True,False,30000000000
142, آبشار ,60,1393,2,True,False,True,1450000000
143, آبشار ,43,1382,1,False,False,True,810000000
144, آبشار ,88,1377,2,False,True,True,1380000000
145, آبشار ,45,1383,1,False,True,True,1030000000
146, آبشار ,90,1400,2,True,True,True,1000000000
147, آبشار ,130,1386,3,True,True,True,4000000000
148, آبشار ,55,1386,1,True,False,True,1045000000
149, آبشار ,70,1391,2,False,False,True,1500000000
150, آبشار ,48,1380,1,False,True,True,1200000000
151, آبشار ,100,1400,2,True,True,True,1300000000
152, آبشار ,150,1399,2,False,True,True,650000000
153, آبشار ,55,1389,1,True,False,True,1030000000
154, آبشار ,45,1399,1,False,True,False,1150000000
155, آبشار ,63,1389,1,True,True,True,1290000000
156, آبشار ,124,1400,2,True,True,True,1314400000
157, آبشار ,63,1384,1,True,False,True,950000000
158, آبشار ,140,1400,3,True,True,True,1442000000
159, آبشار ,52,1385,1,False,True,True,700000000
160, آبشار ,60,1385,1,False,False,True,1360000000
161, آبشار ,60,1384,2,True,True,False,1000000000
162, آبشار تهران ,87,1400,2,True,True,True,904800000
163, آبشار تهران ,99,1400,2,True,True,True,1030000000
164, آبشار تهران ,99,1400,2,True,True,True,470000000
165, آبشار تهران ,100,1385,2,False,True,True,2900000000
166, آبشار تهران ,130,1400,3,True,True,True,1352000000
167, آبشار تهران ,182,1400,4,True,True,True,2720000000
168, آبشار تهران ,132,1391,3,True,True,True,3700000000
169, آبشار تهران ,69,1384,1,True,False,True,2100000000
170, آبشار تهران ,132,1391,3,True,True,True,3800000000
171, آبشار تهران ,105,1393,2,True,True,True,2940000000
172, آبشار تهران ,60,1388,1,True,True,True,1980000000
173, آبشار تهران ,70,1388,1,True,False,True,2200000000
174, آبشار تهران ,90,1387,2,True,True,True,2350000000
175, آبشار تهران ,75,1383,2,True,False,True,1900000000
176, آبشار تهران ,98,1388,2,False,True,True,3000000000
177, آبشار تهران ,100,1400,2,True,True,True,1100000000
178, آبشار تهران ,123,1400,2,True,True,True,1236000000
179, آبشار تهران ,97,1388,2,True,True,True,3100000000
180, آبشار تهران ,105,1394,2,True,True,True,3100000000
181, آبشار تهران ,73,1385,2,True,True,True,2270000000
182, آبشار تهران ,140,1400,3,True,True,True,1442000000
183, آبشار تهران ,65,1388,1,True,True,True,1600000000
184, آبشار تهران ,81,1386,2,False,True,True,2146500000
185, آبشار تهران ,120,1390,2,True,True,True,3600000000
186, آبشار تهران ,69,1386,1,True,True,False,2050000000
187, آبشار تهران ,69,1386,1,True,False,False,2100000000
188, آبشار تهران ,122,1400,3,True,True,True,1760000000
189, آبشار تهران ,120,1400,2,True,True,True,1236000000
190, آبشار تهران ,94,1400,2,True,True,True,1030000000
191, آبشار تهران ,120,1399,3,True,True,True,3600000000
192, آبشار تهران ,120,1400,2,True,True,True,1236000000
193, آبشار تهران ,100,1400,2,True,True,True,1030000000
194, آبشار تهران ,75,1388,2,True,True,True,1900000000
195, آبشار تهران ,105,1393,2,True,True,True,3000000000
196, آبشار تهران ,115,1390,2,True,True,True,3105000000
197, آبشار تهران ,67,1385,2,True,True,False,1950000000
198, آبشار تهران ,80,1389,2,True,True,True,2550000000
199, آبشار تهران ,91,1400,2,True,True,True,2800000000
200, آبشار تهران ,119,1399,3,True,True,True,3700000000
201, آبشار تهران ,70,1385,1,True,True,False,2150000000
202, آبشار تهران ,140,1400,3,True,True,True,4200000000
203, آبشار تهران ,110,1400,2,True,True,True,3300000000
204, آبشار تهران ,140,1400,2,True,True,True,1442000000
205, آبشار تهران ,140,1400,3,True,True,True,4200000000
206, آبشار تهران ,98,1387,2,False,True,True,2800000000
207, آبشار تهران ,101,1400,2,True,True,True,1040000000
208, آبشار تهران ,75,1388,2,True,False,True,1870000000
209, آبشار تهران ,150,1400,3,True,True,True,4500000000
210, آبشار تهران ,89,1400,2,True,True,True,900000000
211, آبشار تهران ,98,1385,2,False,True,True,2800000000
212, آبشار تهران ,100,1386,2,False,True,True,2900000000
213, آبشار تهران ,60,1400,2,True,True,True,1200000000
214, آبشار تهران ,132,1399,3,True,True,True,5544000000
215, آبشار تهران ,75,1386,2,True,True,True,1850000000
216, آبشار تهران ,69,1388,1,True,True,True,2000000000
217, آبشار تهران ,90,1400,2,True,True,True,1675000000
218, آبشار تهران ,110,1399,2,True,True,True,6950000000
219, آبشار تهران ,104,1400,2,True,True,True,3500000000
220, آبشار تهران ,145,1400,2,True,True,True,1442000000
221, آبشار تهران ,115,1393,2,True,True,True,3100000000
222, آبشار تهران ,102,1400,2,True,True,True,2200000000
223, آبشار تهران ,132,1395,3,True,True,True,4488000000
224, آبشار تهران ,122,1400,2,True,True,True,1236000000
225, آبشار تهران ,75,1384,2,False,True,True,1400000000
226, آبشار تهران ,90,1396,2,True,True,True,2325000000
227, آبشار تهران ,95,1400,2,True,True,True,1000000000
228, آبشار تهران ,200,1400,3,True,True,True,3400000000
229, آبشار تهران ,110,1400,2,True,True,True,1150000000
230, آبشار تهران ,116,1393,2,True,True,True,3100000000
231, آبشار تهران ,78,1390,2,True,True,True,2400000000
232, آبشار تهران ,77,1385,2,True,True,True,2380000000
233, آبشار تهران ,85,1400,2,True,True,True,1800000000
234, آبشار تهران ,130,1400,3,True,True,True,555000000
235, آبشار تهران ,60,1400,1,True,True,True,880000000
236, آبشار تهران ,110,1400,2,True,True,True,3300000000
237, آبشار تهران ,152,1397,3,True,True,True,4200000000
238, آبشار تهران ,180,1400,4,True,True,True,2720000000
239, آبشار تهران ,65,1390,1,True,True,True,1625000000
240, آبشار تهران ,110,1400,2,True,True,True,2550000000
241, آبشار تهران ,127,1400,2,True,True,True,5715000000
242, آبشار تهران ,91,1400,2,True,True,True,3000000000
243, آبشار تهران ,160,1400,4,True,True,True,2411000000
244, آبشار تهران ,91,1399,2,True,True,True,3020000000
245, آبشار تهران ,78,1387,2,True,True,True,2300000000
246, آبشار تهران ,60,1400,1,True,True,True,1200000000
247, آبشار تهران ,102,1385,2,True,True,True,2550000000
248, آبشار تهران ,134,1384,3,True,True,True,5000000000
249, آبشار تهران ,77,1384,1,True,False,True,1820000000
250, آبشار تهران ,101,1400,2,True,True,True,2800000000
251, آبشار تهران ,102,1389,2,False,True,True,2550000000
252, آبشار تهران ,103,1386,2,False,True,True,2580000000
253, آبشار تهران ,130,1389,2,True,True,True,3300000000
254, آبشار تهران ,74,1388,2,True,True,True,2400000000
255, آبشار تهران ,69,1386,1,True,False,True,2000000000
256, آبشار تهران ,75,1386,2,True,False,True,1950000000
257, آبشار تهران ,150,1395,3,True,True,True,4450000000
258, آبشار تهران ,78,1386,2,True,True,False,2300000000
259, آبشار تهران ,78,1384,2,True,True,True,2350000000
260, آبشار تهران ,79,1387,2,True,True,True,2350000000
261, آبشار تهران ,132,1400,3,True,True,True,4356000000
262, آبشار تهران ,120,1400,3,True,True,True,4150000000
263, آبشار تهران ,148,1400,3,True,True,True,1500000000
264, آبشار تهران ,69,1387,1,True,False,True,2200000000
265, آبشار تهران ,97,1400,2,True,True,True,1035000000
266, آبشار تهران ,63,1400,2,True,True,True,1200000000
267, آبشار تهران ,91,1399,2,True,True,True,3250000000
268, آبشار تهران ,69,1387,1,True,True,False,2000000000
269, آبشار تهران ,132,1400,3,True,True,True,4356000000
270, آبشار تهران ,69,1386,1,True,False,True,1600000000
271, آبشار تهران ,78,1386,2,True,True,True,2350000000
272, آبشار تهران ,78,1387,2,True,True,True,2370000000
273, آبشار تهران ,91,1400,2,True,True,True,1000000000
274, آبشار تهران ,94,1400,2,True,True,True,1035000000
275, آبشار تهران ,68,1388,1,True,True,True,2040000000
276, آبشار تهران ,89,1400,2,True,True,True,1035000000
277, آبشار تهران ,160,1400,4,True,True,True,2401000000
278, آبشار تهران ,75,1386,2,False,True,True,1485000000
279, آبشار تهران ,107,1394,2,True,True,True,3000000000
280, آبشار تهران ,73,1385,2,True,True,True,2400000000
281, آبشار تهران ,77,1385,2,True,True,True,2200000000
282, آبشار تهران ,67,1388,2,True,False,False,1800000000
283, آبشار تهران ,98,1399,2,True,True,True,3500000000
284, آبشار تهران ,70,1386,2,False,False,True,1520000000
285, آبشار تهران ,135,1388,3,True,True,True,4725000000
286, آبشار تهران ,121,1396,2,True,True,True,4200000000
287, آبشار تهران ,69,1387,1,True,True,True,2070000000
288, آبشار تهران ,112,1395,2,True,True,True,3584000000
289, آبشار تهران ,132,1390,3,True,True,True,4000000000
290, آبشار تهران ,101,1400,2,True,True,True,2800000000
291, آبشار تهران ,69,1386,1,True,False,True,1700000000
292, آبشار تهران ,132,1391,3,True,True,True,3580000000
293, آبشار تهران ,106,1395,2,True,True,True,3300000000
294, آبشار تهران ,96,1400,2,True,True,True,3456000000
295, آبشار تهران ,131,1386,3,False,True,True,3050000000
296, آبشار تهران ,98,1399,2,True,True,True,3150000000
297, آبشار تهران ,79,1386,2,True,True,True,2200000000
298, آبشار تهران ,135,1388,3,True,True,True,5400000000
299, آبشار تهران ,69,1387,1,True,False,True,2050000000
300, آبشار تهران ,70,1384,2,False,False,True,1520000000
301, آبشار تهران ,80,1392,2,True,True,True,2500000000
302, آبشار تهران ,96,1400,2,True,True,True,3456000000
303, آبشار تهران ,131,1386,3,False,True,True,3050000000
304, آبشار تهران ,98,1399,2,True,True,True,3150000000
305, آبشار تهران ,79,1386,2,True,True,True,2200000000
306, آبشار تهران ,135,1388,3,True,True,True,5400000000
307, آبشار تهران ,69,1387,1,True,False,True,2050000000
308, آبشار تهران ,70,1384,2,False,False,True,1520000000
309, آبشار تهران ,80,1392,2,True,True,True,2500000000
310, آجودانیه ,125,1396,2,True,True,True,10540000000
311, آجودانیه ,112,1388,2,True,True,True,7200000000
312, آجودانیه ,137,1398,3,True,True,True,10800000000
313, آجودانیه ,100,1400,2,True,True,True,1040000000
314, آجودانیه ,165,1399,3,True,True,True,14900000000
315, آجودانیه ,240,1399,3,True,True,True,28000000000
316, آجودانیه ,160,1388,3,True,True,True,10400000000
317, آجودانیه ,204,1388,3,True,True,True,13300000000
318, آجودانیه ,100,1398,2,True,True,True,10000000000
319, آجودانیه ,330,1399,3,True,True,True,32000000000
320, آجودانیه ,165,1385,3,True,True,True,9500000000
321, آجودانیه ,220,1400,3,True,True,True,26000000000
322, آجودانیه ,130,1397,3,True,True,True,11700000000
323, آجودانیه ,330,1400,4,True,True,True,40000000000
324, آجودانیه ,179,1390,3,True,True,True,12700000000
325, آجودانیه ,160,1394,3,True,True,True,13600000000
326, آجودانیه ,100,1390,2,True,True,True,7700000000
327, آجودانیه ,97,1400,2,True,True,True,1030000000
328, آجودانیه ,65,1394,2,True,True,False,4800000000
329, آجودانیه ,86,1387,2,True,True,True,3750000000
330, آجودانیه ,100,1389,2,True,True,True,6300000000
331, آجودانیه ,160,1375,3,True,True,True,13500000000
332, آجودانیه ,180,1390,3,True,True,True,12600000000
333, آجودانیه ,130,1400,3,True,True,True,1352000000
334, آجودانیه ,215,1385,4,True,True,True,15000000000
335, آجودانیه ,180,1390,3,True,True,True,12700000000
336, آجودانیه ,100,1392,2,True,True,True,7900000000
337, آجودانیه ,160,1399,3,True,True,True,11950000000
338, آجودانیه ,240,1400,3,True,True,True,24000000000
339, آجودانیه ,67,1376,2,True,False,True,3800000000
340, آجودانیه ,160,1390,3,True,True,True,12000000000
341, آجودانیه ,110,1390,2,True,True,True,8000000000
342, آجودانیه ,350,1393,4,True,True,True,24000000000
343, آجودانیه ,250,1399,4,True,True,True,30000000000
344, آجودانیه ,330,1398,4,True,True,True,29500000000
345, آجودانیه ,267,1399,4,True,True,True,13000000000
346, آجودانیه ,225,1399,3,True,True,True,21000000000
347, آجودانیه ,85,1390,2,True,True,True,3850000000
348, آجودانیه ,360,1398,4,True,True,True,19000000000
349, آجودانیه ,150,1390,3,True,True,True,16440000000
350, آجودانیه ,310,1400,4,True,True,True,46500000000
351, آجودانیه ,176,1392,3,True,True,True,12600000000
352, آجودانیه ,115,1383,3,False,True,True,7500000000
353, آجودانیه ,120,1392,2,True,True,True,7650000000
354, آجودانیه ,350,1394,4,True,True,True,24000000000
355, آجودانیه ,97,1387,2,True,True,True,6250000000
356, آجودانیه ,200,1394,3,True,True,True,17000000000
357, آجودانیه ,180,1390,3,True,True,True,21000000000
358, آجودانیه ,88,1393,2,True,True,True,6000000000
359, آجودانیه ,185,1395,3,True,True,True,20700000000
360, آجودانیه ,194,1387,3,True,True,True,11250000000
361, آجودانیه ,148,1384,3,True,True,True,12580000000
362, آجودانیه ,180,1387,3,True,True,True,13000000000
363, آجودانیه ,180,1391,3,True,True,True,14000000000
364, آجودانیه ,165,1385,3,True,True,True,13200000000
365, آجودانیه ,100,1400,2,True,True,True,1040000000
366, آجودانیه ,75,1400,2,True,True,True,5200000000
367, آجودانیه ,145,1400,3,True,True,True,10150000000
368, آجودانیه ,115,1399,3,True,True,True,13225000000
369, آجودانیه ,129,1385,2,True,True,True,6500000000
370, آجودانیه ,146,1395,3,True,True,True,11500000000
371, آجودانیه ,163,1380,3,True,True,True,13000000000
372, آجودانیه ,260,1400,3,True,True,True,45000000000
373, آجودانیه ,150,1389,3,True,True,True,12000000000
374, آجودانیه ,188,1392,3,True,True,True,14000000000
375, آجودانیه ,75,1398,2,True,True,True,5650000000
376, آجودانیه ,150,1400,2,True,True,True,9100000000
377, آجودانیه ,182,1386,3,True,True,True,13500000000
378, آجودانیه ,180,1390,3,True,True,True,13000000000
379, آجودانیه ,210,1400,3,True,True,True,25500000000
380, آجودانیه ,185,1397,3,True,True,True,17000000000
381, آجودانیه ,194,1386,3,True,True,True,11500000000
382, آجودانیه ,350,1393,4,True,True,True,29000000000
383, آجودانیه ,225,1400,3,True,True,True,30400000000
384, آجودانیه ,180,1387,3,True,True,True,13500000000
385, آجودانیه ,150,1392,3,True,True,True,11000000000
386, آجودانیه ,150,1398,3,True,True,True,16500000000
387, آجودانیه ,194,1387,3,True,True,True,11500000000
388, آجودانیه ,200,1395,3,True,True,True,19000000000
389, آجودانیه ,192,1386,3,True,True,True,11400000000
390, آجودانیه ,355,1393,4,True,True,True,24000000000
391, آجودانیه ,140,1391,3,True,True,True,10764000000
392, آجودانیه ,145,1395,3,True,True,True,10000000000
393, آجودانیه ,100,1397,2,True,True,True,10500000000
394, آجودانیه ,350,1394,3,True,True,True,24000000000
395, آجودانیه ,164,1380,3,True,True,True,13448000000
396, آجودانیه ,400,1398,4,True,True,True,40000000000
397, آجودانیه ,350,1394,4,True,True,True,26500000000
398, آجودانیه ,100,1398,2,True,True,True,8900000000
399, آجودانیه ,100,1399,2,True,True,True,6900000000
400, آجودانیه ,181,1384,3,True,True,True,13000000000
401, آجودانیه ,193,1385,3,True,True,True,11300000000
402, آجودانیه ,100,1388,2,True,True,True,6000000000
403, آجودانیه ,85,1385,2,True,True,True,5300000000
404, آجودانیه ,159,1395,3,True,True,True,9500000000
405, آجودانیه ,200,1385,3,True,True,True,16500000000
406, آجودانیه ,240,1395,3,True,True,True,28800000000
407, آجودانیه ,165,1389,3,True,True,True,11850000000
408, آجودانیه ,85,1392,2,True,True,True,5500000000
409, آجودانیه ,127,1394,3,True,True,True,11400000000
410, آجودانیه ,177,1391,3,True,True,True,13629000000
411, آجودانیه ,85,1392,2,True,True,True,5500000000
412, آجودانیه ,181,1388,3,True,True,True,12850000000
413, آجودانیه ,182,1395,3,True,True,True,17290000000
414, آجودانیه ,168,1387,3,True,True,True,11500000000
415, آجودانیه ,220,1398,3,True,True,True,20220000000
416, آجودانیه ,180,1391,3,True,True,True,16500000000
417, آجودانیه ,180,1393,3,True,True,True,13600000000
418, آجودانیه ,118,1384,3,True,True,True,7990000000
419, آجودانیه ,114,1386,2,True,True,True,3750000000
420, آجودانیه ,125,1386,2,True,True,True,6000000000
421, آجودانیه ,120,1385,3,False,True,True,79900000000
422, آجودانیه ,250,1395,4,True,True,True,24000000000
423, آجودانیه ,100,1393,2,True,True,True,7700000000
424, آجودانیه ,349,1392,4,True,True,True,28000000000
425, آجودانیه ,138,1399,3,True,True,True,13200000000
426, آجودانیه ,185,1388,3,True,True,True,10500000000
427, آجودانیه ,195,1385,3,True,True,True,11400000000
428, آجودانیه ,130,1400,2,True,True,True,13000000000
429, آجودانیه ,160,1380,3,True,True,True,12500000000
430, آجودانیه ,110,1386,2,True,True,True,7500000000
431, آجودانیه ,168,1388,3,True,True,True,14160000000
432, آجودانیه ,185,1388,3,True,True,True,16500000000
433, آجودانیه ,100,1397,2,True,True,True,10500000000
434, آجودانیه ,160,1388,3,True,True,True,10400000000
435, آذربایجان ,68,1386,2,True,True,True,1200000000
436, آذربایجان ,40,1400,1,True,True,True,1300000000
437, آذربایجان ,40,1400,1,True,True,True,1300000000
438, آذربایجان ,48,1383,1,False,True,True,1130000000
439, آذربایجان ,61,1378,2,False,False,True,1110000000
440, آذربایجان ,65,1382,2,False,True,True,1150000000
441, آذربایجان ,92,1399,3,True,True,True,2580000000
442, آذربایجان ,55,1393,1,True,True,True,1650000000
443, آذربایجان ,60,1394,1,True,True,True,1550000000
444, آذربایجان ,87,1392,2,True,True,True,2600000000
445, آذربایجان ,52,1386,1,False,True,True,1300000000
446, آذربایجان ,55,1382,1,False,True,True,1000000000
447, آذربایجان ,60,1383,1,False,True,True,1300000000
448, آذربایجان ,34,1389,1,True,True,False,1300000000
449, آذربایجان ,60,1385,2,False,False,True,1070000000
450, آذربایجان ,55,1382,2,False,False,True,1050000000
451, آذربایجان ,48,1384,1,False,True,False,1170000000
452, آذربایجان ,64,1400,2,True,True,False,2100000000
453, آذربایجان ,105,1400,3,True,True,True,3400000000
454, آذربایجان ,72,1395,2,True,True,True,2200000000
455, آذربایجان ,120,1400,3,True,True,True,3700000000
456, آذربایجان ,73,1394,2,True,True,True,2200000000
457, آذربایجان ,66,1385,2,False,True,True,1400000000
458, آذربایجان ,51,1390,1,True,False,True,1370000000
459, آذربایجان ,76,1384,2,False,True,True,1680000000
460, آذربایجان ,45,1380,1,False,False,True,850000000
461, آذربایجان ,41,1397,1,True,False,True,1100000000
462, آذربایجان ,66,1376,2,False,False,False,1058000000
463, آذربایجان ,100,1387,2,False,False,True,1650000000
464, آذربایجان ,70,1387,2,False,False,True,1650000000
465, آذربایجان ,70,1391,2,True,True,True,2200000000
466, آذربایجان ,63,1380,2,False,False,True,1270000000
467, آذربایجان ,46,1388,2,False,False,False,1040000000
468, آذربایجان ,44,1380,1,False,False,True,850000000
469, آذربایجان ,66,1384,2,True,True,True,1500000000
470, آذربایجان ,66,1385,2,False,True,True,1400000000
471, آذربایجان ,74,1392,2,True,False,True,1750000000
472, آذربایجان ,62,1388,1,True,True,True,2050000000
473, آذربایجان ,81,1385,2,False,False,True,1800000000
474, آذربایجان ,45,1391,1,True,False,False,1050000000
475, آذربایجان ,44,1381,1,False,True,True,1000000000
476, آذربایجان ,91,1400,3,True,True,True,2600000000
477, آذربایجان ,44,1383,1,False,False,True,910000000
478, آذربایجان ,56,1375,1,False,False,False,1070000000
479, آذربایجان ,55,1380,1,False,False,False,980000000
480, آذربایجان ,51,1392,1,True,False,True,1400000000
481, آذربایجان ,45,1383,1,False,False,True,980000000
482, آذربایجان ,80,1397,1,True,True,True,2500000000
483, آذربایجان ,61,1378,2,False,False,True,1150000000
484, آذربایجان ,100,1399,2,True,True,True,3150000000
485, آذربایجان ,132,1398,3,True,True,True,4480000000
486, آذربایجان ,55,1387,1,False,True,True,1060000000
487, آذربایجان ,38,1370,1,False,False,True,685000000
488, آذربایجان ,97,1400,3,True,True,True,3250000000
489, آذربایجان ,53,1382,1,False,False,True,1370000000
490, آذربایجان ,44,1380,1,False,False,True,850000000
491, آذربایجان ,38,1391,1,True,False,True,890000000
492, آذربایجان ,53,1385,1,True,True,True,1480000000
493, آذربایجان ,80,1370,2,False,True,True,1700000000
494, آذربایجان ,64,1375,2,False,False,True,1250000000
495, آذربایجان ,63,1384,2,False,True,True,1180000000
496, آذربایجان ,40,1386,1,False,False,True,690000000
497, آذربایجان ,42,1376,1,False,False,False,720000000
498, آذربایجان ,52,1384,1,False,False,True,960000000
499, آذربایجان ,58,1385,1,False,False,True,1400000000
500, آذربایجان ,70,1380,2,False,False,True,1600000000
501, آذربایجان ,64,1387,2,False,True,True,1433000000
502, آذربایجان ,98,1400,2,True,True,True,3100000000
503, آذربایجان ,64,1376,2,False,False,True,1300000000
504, آذربایجان ,60,1382,2,False,True,True,1610000000
505, آذربایجان ,53,1398,1,True,True,True,1200000000
506, آذربایجان ,67,1379,2,False,False,True,1270000000
507, آذربایجان ,73,1400,2,True,True,True,1650000000
508, آذربایجان ,41,1382,1,False,False,True,1200000000
509, آذربایجان ,70,1392,2,True,True,True,2100000000
510, آذربایجان ,49,1378,1,False,False,True,1085000000
511, آذربایجان ,66,1384,2,False,True,True,1400000000
512, آذربایجان ,43,1379,1,False,False,False,1080000000
513, آذربایجان ,60,1384,2,False,True,True,1200000000
514, آذربایجان ,70,1383,2,False,True,True,1550000000
515, آذربایجان ,61,1386,1,False,False,False,940000000
516, آذربایجان ,95,1392,2,True,True,True,2580000000
517, آذربایجان ,67,1385,2,False,True,True,1290000000
518, آذربایجان ,72,1395,2,True,True,True,2200000000
519, آذربایجان ,57,1395,1,True,False,True,1550000000
520, آذربایجان ,63,1380,1,False,False,False,1100000000
521, آذربایجان ,45,1380,1,False,False,True,1070000000
522, آذربایجان ,132,1400,3,True,True,True,3690000000
523, آذربایجان ,103,1400,2,True,True,True,3150000000
524, آذربایجان ,110,1400,2,True,True,True,3900000000
525, آذربایجان ,44,1380,1,False,False,True,850000000
526, آذربایجان ,90,1400,2,True,False,True,2880000000
527, آذربایجان ,65,1387,2,True,True,True,1720000000
528, آذربایجان ,93,1399,3,True,True,True,2560000000
529, آذربایجان ,65,1397,2,True,False,True,1670000000
530, آذربایجان ,60,1380,2,False,False,True,1085000000
531, آذربایجان ,42,1392,1,True,False,True,1220000000
532, آذربایجان ,68,1383,2,False,True,True,1880000000
533, آذربایجان ,40,1378,1,False,False,True,850000000
534, آذربایجان ,55,1385,1,True,True,True,1550000000
535, آذربایجان ,57,1382,2,False,False,True,1200000000
536, آذربایجان ,64,1385,2,False,True,True,1330000000
537, آذربایجان ,45,1384,1,False,False,False,1010000000
538, آذربایجان ,43,1375,1,False,False,False,1000000000
539, آذربایجان ,70,1385,2,False,True,True,1550000000
540, آذربایجان ,79,1392,2,True,True,True,1940000000
541, آذربایجان ,50,1400,1,True,False,True,1250000000
542, آذربایجان ,55,1395,1,True,True,True,1600000000
543, آذربایجان ,47,1391,1,True,True,False,1520000000
544, آذربایجان ,63,1375,2,False,False,True,1100000000
545, آذربایجان ,49,1389,1,True,True,False,1260000000
546, آذربایجان ,60,1397,1,True,False,True,1440000000
547, آذربایجان ,63,1376,2,False,False,True,1100000000
548, آذربایجان ,56,1385,1,False,False,True,1150000000
549, آذربایجان ,85,1400,2,True,True,True,2890000000
550, آذربایجان ,115,1395,3,True,True,True,3700000000
551, آذربایجان ,72,1380,2,False,True,True,1130000000
552, آذربایجان ,42,1388,1,False,False,True,1010000000
553, آذربایجان ,40,1380,1,False,False,True,850000000
554, آذربایجان ,53,1392,1,True,False,False,1370000000
555, آذربایجان ,60,1400,2,True,True,True,2200000000
556, آذربایجان ,55,1381,1,True,True,True,1350000000
557, آذربایجان ,45,1385,1,False,True,True,1260000000
558, آذربایجان ,52,1385,2,False,False,True,1220000000
559, آذربایجان ,135,1400,3,True,True,True,4090000000
560, آذربایجان ,50,1380,1,False,False,True,1100000000
561, آذربایجان ,50,1386,1,True,False,True,1150000000
562, آذربایجان ,60,1398,2,True,True,True,1300000000
563, آذربایجان ,63,1380,1,False,False,True,1323000000
564, آذربایجان ,96,1400,2,True,True,True,2700000000
565, آذربایجان ,61,1400,2,True,True,True,2120000000
566, آذربایجان ,66,1390,2,False,True,True,1360000000
567, آذربایجان ,62,1397,2,True,False,True,1680000000
568, آذربایجان ,65,1395,2,True,False,False,1800000000
569, آذربایجان ,62,1394,2,True,True,True,1000000000
570, آذربایجان ,80,1400,2,True,True,True,1900000000
571, آذربایجان ,38,1377,1,False,False,True,850000000
572, آذربایجان ,70,1400,2,True,True,False,2400000000
573, آذربایجان ,65,1394,2,True,True,False,2300000000
574, آذربایجان ,240,1400,3,True,True,True,4800000000
575, آذربایجان ,55,1394,1,True,False,True,1380000000
576, آذربایجان ,70,1393,2,True,True,True,1900000000
577, آذربایجان ,65,1382,2,False,False,True,1280000000
578, آذربایجان ,44,1381,1,False,True,True,1020000000
579, آذربایجان ,55,1385,1,True,True,True,1420000000
580, آذربایجان ,66,1385,2,False,True,True,1400000000
581, آذربایجان ,56,1387,1,True,True,True,1230000000
582, آذربایجان ,75,1380,2,False,False,True,1300000000
583, آذربایجان ,62,1382,2,False,False,True,1364000000
584, آذربایجان ,67,1399,2,True,False,True,2000000000
585, آذربایجان ,41,1390,1,True,False,True,870000000
586, آذربایجان ,67,1400,2,True,False,False,2050000000
587, آذربایجان ,51,1386,2,False,False,True,1090000000
588, آذربایجان ,100,1400,2,True,True,True,3600000000
589, آذربایجان ,48,1385,1,True,False,True,1320000000
590, آذربایجان ,50,1382,2,False,False,True,1250000000
591, آذربایجان ,58,1375,1,False,False,False,1550000000
592, آذربایجان ,49,1379,1,False,False,True,1100000000
593, آذربایجان ,76,1390,1,True,False,True,2250000000
594, آذربایجان ,119,1390,2,False,False,True,3050000000
595, آذربایجان ,60,1391,2,False,False,True,1700000000
596, آذربایجان ,135,1400,3,True,True,True,4500000000
597, آذربایجان ,95,1400,2,True,True,False,2500000000
598, آذربایجان ,80,1394,2,True,True,True,2575000000
599, آذربایجان ,62,1380,2,False,False,False,1850000000
600, آذربایجان ,48,1393,1,True,True,True,1260000000
601, آذربایجان ,42,1378,1,False,False,False,850000000
602, آذربایجان ,86,1392,2,True,True,True,2350000000
603, آذربایجان ,123,1400,3,True,True,True,4500000000
604, آذربایجان ,95,1399,3,True,True,True,2580000000
605, آذربایجان ,57,1378,1,False,False,True,1040000000
606, آذربایجان ,87,1379,3,False,False,False,2400000000
607, آذربایجان ,60,1386,2,False,False,True,1150000000
608, آذربایجان ,38,1380,1,False,False,False,860000000
609, آذری ,60,1389,1,False,False,True,710000000
610, آذری ,56,1391,1,False,True,True,700000000
611, آذری ,102,1399,2,True,True,True,2091000000
612, آذری ,114,1395,2,True,True,False,1938000000
613, آذری ,120,1400,2,True,True,True,1236000000
614, آذری ,58,1383,1,False,False,False,754000000
615, آذری ,53,1388,1,True,True,False,800000000
616, آذری ,40,1385,1,False,False,True,570000000
617, آذری ,127,1400,3,True,True,True,1320800000
618, آذری ,36,1382,1,False,False,False,563000000
619, آذری ,70,1397,2,True,True,True,1260000000
620, آذری ,97,1400,2,True,True,True,1030000000
621, آذری ,64,1397,2,True,True,True,1190000000
622, آذری ,130,1400,3,True,True,True,2050000000
623, آذری ,69,1388,2,False,True,False,1035000000
624, آذری ,70,1391,2,False,False,True,880000000
625, آذری ,51,1378,1,False,False,False,750000000
626, آذری ,76,1398,2,True,True,True,1370000000
627, آذری ,40,1390,1,False,False,False,800000000
628, آذری ,38,1382,2,False,True,True,670000000
629, آذری ,42,1381,1,False,False,False,650000000
630, آذری ,70,1397,2,True,True,True,1260000000
631, آذری ,110,1399,2,True,True,False,1760000000
632, آذری ,100,1400,2,True,True,True,1035000000
633, آذری ,60,1392,1,False,False,False,730000000
634, آذری ,71,1398,2,True,True,True,1350000000
635, آذری ,120,1400,2,True,True,False,2400000000
636, آذری ,43,1390,1,False,True,False,720000000
637, آذری ,39,1390,1,False,True,False,630000000
638, آذری ,44,1383,1,False,False,True,485000000
639, آذری ,63,1394,1,True,True,False,1250000000
640, آذری ,42,1392,1,False,True,False,870000000
641, آذری ,45,1393,1,True,False,True,750000000
642, آذری ,40,1400,1,True,False,False,720000000
643, آذری ,51,1380,1,False,False,True,780000000
644, آذری ,62,1393,1,True,True,True,1240000000
645, آذری ,104,1400,2,True,True,True,1081600000
646, آذری ,76,1396,2,True,True,False,1500000000
647, آذری ,66,1381,1,False,False,True,850000000
648, آذری ,120,1400,2,True,True,True,1800000000
649, آذری ,45,1390,1,True,True,True,710000000
650, آذری ,42,1381,1,False,False,False,630000000
651, آذری ,40,1391,1,False,True,False,640000000
652, آذری ,43,1393,1,True,False,True,750000000
653, آذری ,40,1390,1,False,False,False,560000000
654, آذری ,129,1400,2,True,True,True,3550000000
655, آذری ,78,1383,2,False,True,True,1404000000
656, آذری ,83,1383,2,False,True,False,480000000
657, آذری ,86,1391,2,True,True,False,1720000000
658, آذری ,68,1371,2,True,True,True,895000000
659, آذری ,42,1382,1,False,False,False,650000000
660, آذری ,54,1382,1,False,False,True,795000000
661, آذری ,90,1400,1,True,True,True,2200000000
662, آذری ,50,1376,1,False,False,True,1250000000
663, آذری ,45,1400,1,True,False,True,770000000
664, آذری ,57,1376,1,False,False,False,825000000
665, آذری ,60,1384,2,False,False,True,800000000
666, آذری ,74,1390,2,True,True,True,1100000000
667, آذری ,47,1394,1,True,False,False,870000000
668, آذری ,46,1397,1,False,False,True,700000000
669, آذری ,43,1389,1,False,True,False,680000000
670, آذری ,40,1388,1,False,False,False,590000000
671, آذری ,52,1396,1,True,True,False,940000000
672, آذری ,70,1400,2,True,True,False,1226000000
673, آذری ,45,1371,1,False,False,True,765000000
674, آذری ,40,1390,1,False,True,False,670000000
675, آذری ,43,1388,1,False,True,False,700000000
676, آذری ,43,1392,1,False,True,False,710000000
677, آذری ,54,1383,1,False,False,False,800000000
678, آذری ,60,1387,1,True,False,True,1100000000
679, آذری ,52,1392,1,False,False,True,930000000
680, آذری ,55,1390,1,True,False,False,890000000
681, آذری ,46,1390,1,False,False,False,670000000
682, آذری ,40,1381,1,False,False,True,620000000
683, آذری ,85,1396,2,True,True,True,1555000000
684, آذری ,57,1395,1,True,True,False,770000000
685, آذری ,69,1398,2,True,True,False,1300000000
686, آذری ,46,1393,1,True,False,False,782000000
687, آذری ,38,1389,1,False,True,False,590000000
688, آذری ,45,1371,1,False,False,True,540000000
689, آذری ,47,1388,1,False,False,False,750000000
690, آذری ,65,1394,2,True,True,False,1050000000
691, آذری ,50,1390,1,False,True,False,770000000
692, آذری ,54,1383,1,False,False,False,770000000
693, آذری ,45,1400,1,True,False,False,820000000
694, آذری ,45,1392,1,False,False,False,670000000
695, آذری ,42,1391,1,False,False,False,630000000
696, آذری ,81,1396,2,True,True,True,1440000000
697, آذری ,45,1385,1,True,False,False,880000000
698, آذری ,80,1387,2,False,True,False,1300000000
699, آذری ,49,1396,1,False,False,False,770000000
700, آذری ,85,1393,2,True,True,True,1600000000
701, آذری ,76,1398,2,True,True,True,1320000000
702, آذری ,44,1390,1,False,False,False,800000000
703, آذری ,114,1400,2,True,True,True,2570000000
704, آذری ,63,1390,2,True,True,True,1109000000
705, آذری ,41,1388,1,False,True,False,677000000
706, آذری ,43,1375,1,False,False,False,602000000
707, آذری ,41,1390,1,False,False,True,660000000
708, آذری ,50,1393,1,True,False,True,810000000
709, آذری ,90,1396,2,True,True,True,1550000000
710, آذری ,60,1385,1,True,True,True,1050000000
711, آذری ,43,1382,1,False,False,False,602000000
712, آذری ,47,1389,1,False,True,False,750000000
713, آذری ,133,1399,3,True,True,False,2394000000
714, آذری ,52,1398,1,True,False,False,950000000
715, آذری ,50,1387,1,False,True,False,850000000
716, آذری ,41,1390,1,False,False,False,660000000
717, آذری ,70,1400,2,True,True,True,2030000000
718, آذری ,65,1394,1,True,False,True,950000000
719, آذری ,52,1389,1,False,False,True,806000000
720, آذری ,63,1395,2,True,False,True,1100000000
721, آذری ,119,1400,3,True,True,True,1035000000
722, آذری ,80,1400,2,True,True,True,470000000
723, آذری ,68,1399,2,True,True,False,1060000000
724, آذری ,50,1387,1,False,True,False,850000000
725, آذری ,41,1390,1,False,False,False,660000000
726, آذری ,70,1400,2,True,True,True,2030000000
727, آذری ,65,1394,1,True,False,True,950000000
728, آذری ,52,1389,1,False,False,True,806000000
729, آذری ,63,1395,2,True,False,True,1100000000
730, آذری ,119,1400,3,True,True,True,1035000000
731, آذری ,80,1400,2,True,True,True,470000000
732, آذری ,68,1399,2,True,True,False,1060000000
733, آذری ,50,1387,1,False,True,False,850000000
734, آذری ,41,1390,1,False,False,False,660000000
735, آذری ,70,1400,2,True,True,True,2030000000
736, آذری ,65,1394,1,True,False,True,950000000
737, آذری ,52,1389,1,False,False,True,806000000
738, آذری ,63,1395,2,True,False,True,1100000000
739, آذری ,119,1400,3,True,True,True,1035000000
740, آذری ,80,1400,2,True,True,True,470000000
741, آذری ,68,1399,2,True,True,False,1060000000
742, آذری ,50,1387,1,False,True,False,850000000
743, آذری ,41,1390,1,False,False,False,660000000
744, آذری ,70,1400,2,True,True,True,2030000000
745, آذری ,65,1394,1,True,False,True,950000000
746, آذری ,52,1389,1,False,False,True,806000000
747, آذری ,63,1395,2,True,False,True,1100000000
748, آذری ,119,1400,3,True,True,True,1035000000
749, آذری ,80,1400,2,True,True,True,470000000
750, آذری ,68,1399,2,True,True,False,1060000000
751, آرارات ,147,1400,3,True,True,True,1528800000
752, آرارات ,70,1390,2,False,True,True,710000000
753, آرارات ,113,1372,2,False,True,True,5500000000
754, آرارات ,95,1384,2,False,True,True,5150000000
755, آرارات ,120,1379,2,True,True,True,5880000000
756, آرارات ,118,1370,2,False,False,True,6000000000
757, آرارات ,131,1400,3,True,True,True,1300000000
758, آرارات ,80,1388,2,False,True,True,300000000
759, آرارات ,131,1377,2,False,True,True,7200000000
760, آرارات ,147,1400,3,True,True,True,1528800000
761, آرارات ,70,1390,2,False,True,True,710000000
762, آرارات ,113,1372,2,False,True,True,5500000000
763, آرارات ,95,1384,2,False,True,True,5150000000
764, آرارات ,120,1379,2,True,True,True,5880000000
765, آرارات ,118,1370,2,False,False,True,6000000000
766, آرارات ,131,1400,3,True,True,True,1300000000
767, آرارات ,80,1388,2,False,True,True,300000000
768, آرارات ,131,1377,2,False,True,True,7200000000
769, آرارات ,147,1400,3,True,True,True,1528800000
770, آرارات ,70,1390,2,False,True,True,710000000
771, آرارات ,113,1372,2,False,True,True,5500000000
772, آرارات ,95,1384,2,False,True,True,5150000000
773, آرارات ,120,1379,2,True,True,True,5880000000
774, آرارات ,118,1370,2,False,False,True,6000000000
775, آرارات ,131,1400,3,True,True,True,1300000000
776, آرارات ,80,1388,2,False,True,True,300000000
777, آرارات ,131,1377,2,False,True,True,7200000000
778, آرارات ,147,1400,3,True,True,True,1528800000
779, آرارات ,70,1390,2,False,True,True,710000000
780, آرارات ,113,1372,2,False,True,True,5500000000
781, آرارات ,95,1384,2,False,True,True,5150000000
782, آرارات ,120,1379,2,True,True,True,5880000000
783, آرارات ,118,1370,2,False,False,True,6000000000
784, آرارات ,131,1400,3,True,True,True,1300000000
785, آرارات ,80,1388,2,False,True,True,300000000
786, آرارات ,131,1377,2,False,True,True,7200000000
787, آرارات ,147,1400,3,True,True,True,1528800000
788, آرارات ,70,1390,2,False,True,True,710000000
789, آرارات ,113,1372,2,False,True,True,5500000000
790, آرارات ,95,1384,2,False,True,True,5150000000
791, آرارات ,120,1379,2,True,True,True,5880000000
792, آرارات ,118,1370,2,False,False,True,6000000000
793, آرارات ,131,1400,3,True,True,True,1300000000
794, آرارات ,80,1388,2,False,True,True,300000000
795, آرارات ,131,1377,2,False,True,True,7200000000
796, آرارات ,147,1400,3,True,True,True,1528800000
797, آرارات ,70,1390,2,False,True,True,710000000
798, آرارات ,113,1372,2,False,True,True,5500000000
799, آرارات ,95,1384,2,False,True,True,5150000000
800, آرارات ,120,1379,2,True,True,True,5880000000
801, آرارات ,118,1370,2,False,False,True,6000000000
802, آرارات ,131,1400,3,True,True,True,1300000000
803, آرارات ,80,1388,2,False,True,True,300000000
804, آرارات ,131,1377,2,False,True,True,7200000000
805, آرارات ,147,1400,3,True,True,True,1528800000
806, آرارات ,70,1390,2,False,True,True,710000000
807, آرارات ,113,1372,2,False,True,True,5500000000
808, آرارات ,95,1384,2,False,True,True,5150000000
809, آرارات ,120,1379,2,True,True,True,5880000000
810, آرارات ,118,1370,2,False,False,True,6000000000
811, آرارات ,131,1400,3,True,True,True,1300000000
812, آرارات ,80,1388,2,False,True,True,300000000
813, آرارات ,131,1377,2,False,True,True,7200000000
814, آرارات ,147,1400,3,True,True,True,1528800000
815, آرارات ,70,1390,2,False,True,True,710000000
816, آرارات ,113,1372,2,False,True,True,5500000000
817, آرارات ,95,1384,2,False,True,True,5150000000
818, آرارات ,120,1379,2,True,True,True,5880000000
819, آرارات ,118,1370,2,False,False,True,6000000000
820, آرارات ,131,1400,3,True,True,True,1300000000
821, آرارات ,80,1388,2,False,True,True,300000000
822, آرارات ,131,1377,2,False,True,True,7200000000
823, آرژانتین ,140,1371,3,False,True,True,6000000000
824, آرژانتین ,124,1371,2,False,True,True,5600000000
825, آرژانتین ,84,1393,2,False,True,True,1100000000
826, آرژانتین ,108,1400,2,True,True,True,1836000000
827, آرژانتین ,80,1375,2,False,False,True,2200000000
828, آرژانتین ,150,1370,3,True,True,True,6900000000
829, آرژانتین ,97,1400,2,True,True,True,1030000000
830, آرژانتین ,97,1371,2,False,False,False,3500000000
831, آرژانتین ,130,1400,3,True,True,True,1352000000
832, آرژانتین ,118,1386,2,True,True,True,5500000000
833, آرژانتین ,100,1400,2,True,True,True,10000000000
834, آرژانتین ,120,1370,2,True,True,True,5500000000
835, آرژانتین ,240,1370,4,False,False,True,10800000000
836, آرژانتین ,196,1371,3,False,True,True,9016000000
837, آرژانتین ,47,1375,1,True,False,True,2200000000
838, آرژانتین ,107,1370,2,True,False,True,4400000000
839, آرژانتین ,237,1370,3,False,True,True,11800000000
840, آرژانتین ,150,1400,3,True,True,True,2250000000
841, آرژانتین ,88,1380,2,True,True,True,4000000000
842, آرژانتین ,100,1378,2,True,True,True,4250000000
843, آرژانتین ,141,1370,3,True,True,True,7000000000
844, آرژانتین ,185,1370,3,True,True,True,7500000000
845, آرژانتین ,55,1388,1,True,True,True,3500000000
846, آرژانتین ,180,1370,3,True,True,True,7500000000
847, آرژانتین ,140,1370,2,False,False,True,5800000000
848, آرژانتین ,65,1400,2,True,True,True,1200000000
849, آرژانتین ,85,1385,2,True,True,False,5000000000
850, آرژانتین ,120,1370,2,True,True,True,4200000000
851, آرژانتین ,73,1389,1,True,True,True,4800000000
852, آرژانتین ,180,1370,3,False,False,True,5900000000
853, آرژانتین ,180,1370,3,True,True,True,7500000000
854, آرژانتین ,140,1370,2,False,False,True,5800000000
855, آرژانتین ,65,1400,2,True,True,True,1200000000
856, آرژانتین ,85,1385,2,True,True,False,5000000000
857, آرژانتین ,120,1370,2,True,True,True,4200000000
858, آرژانتین ,73,1389,1,True,True,True,4800000000
859, آرژانتین ,180,1370,3,False,False,True,5900000000
860, آرژانتین ,100,1392,2,True,True,True,5700000000
861, آرژانتین ,116,1374,2,True,True,True,5860000000
862, آرژانتین ,180,1370,3,True,True,True,7500000000
863, آرژانتین ,140,1370,2,False,False,True,5800000000
864, آرژانتین ,65,1400,2,True,True,True,1200000000
865, آرژانتین ,85,1385,2,True,True,False,5000000000
866, آرژانتین ,120,1370,2,True,True,True,4200000000
867, آرژانتین ,73,1389,1,True,True,True,4800000000
868, آرژانتین ,180,1370,3,False,False,True,5900000000
869, آرژانتین ,100,1392,2,True,True,True,5700000000
870, آرژانتین ,116,1374,2,True,True,True,5860000000
871, آرژانتین ,180,1370,3,True,True,True,7500000000
872, آرژانتین ,140,1370,2,False,False,True,5800000000
873, آرژانتین ,65,1400,2,True,True,True,1200000000
874, آرژانتین ,85,1385,2,True,True,False,5000000000
875, آرژانتین ,120,1370,2,True,True,True,4200000000
876, آرژانتین ,73,1389,1,True,True,True,4800000000
877, آرژانتین ,180,1370,3,False,False,True,5900000000
878, آرژانتین ,100,1392,2,True,True,True,5700000000
879, آرژانتین ,116,1374,2,True,True,True,5860000000
880, آرژانتین ,180,1370,3,True,True,True,7500000000
881, آرژانتین ,140,1370,2,False,False,True,5800000000
882, آرژانتین ,65,1400,2,True,True,True,1200000000
883, آرژانتین ,85,1385,2,True,True,False,5000000000
884, آرژانتین ,120,1370,2,True,True,True,4200000000
885, آرژانتین ,73,1389,1,True,True,True,4800000000
886, آرژانتین ,180,1370,3,False,False,True,5900000000
887, آرژانتین ,100,1392,2,True,True,True,5700000000
888, آرژانتین ,116,1374,2,True,True,True,5860000000
889, آرژانتین ,180,1370,3,True,True,True,7500000000
890, آرژانتین ,140,1370,2,False,False,True,5800000000
891, آرژانتین ,65,1400,2,True,True,True,1200000000
892, آرژانتین ,85,1385,2,True,True,False,5000000000
893, آرژانتین ,120,1370,2,True,True,True,4200000000
894, آرژانتین ,73,1389,1,True,True,True,4800000000
895, آرژانتین ,180,1370,3,False,False,True,5900000000
896, آرژانتین ,100,1392,2,True,True,True,5700000000
897, آرژانتین ,116,1374,2,True,True,True,5860000000
898, آرژانتین ,180,1370,3,True,True,True,7500000000
899, آرژانتین ,140,1370,2,False,False,True,5800000000
900, آرژانتین ,65,1400,2,True,True,True,1200000000
901, آرژانتین ,85,1385,2,True,True,False,5000000000
902, آرژانتین ,120,1370,2,True,True,True,4200000000
903, آرژانتین ,73,1389,1,True,True,True,4800000000
904, آرژانتین ,180,1370,3,False,False,True,5900000000
905, آرژانتین ,100,1392,2,True,True,True,5700000000
906, آرژانتین ,116,1374,2,True,True,True,5860000000
907, آسمان ,81,1385,2,True,False,True,3900000000
908, آسمان ,108,1397,3,True,True,True,7500000000
909, آسمان ,75,1386,2,True,False,True,4000000000
910, آسمان ,76,1382,2,False,True,True,4100000000
911, آسمان ,82,1379,2,False,True,True,3800000000
912, آسمان ,108,1383,2,False,True,True,5100000000
913, آسمان ,70,1380,2,True,True,True,4000000000
914, آسمان ,135,1398,3,True,True,True,8200000000
915, آسمان ,80,1386,2,False,True,True,3170000000
916, آسمان ,73,1395,1,True,True,True,4200000000
917, آسمان ,103,1388,2,True,True,True,5200000000
918, آسمان ,83,1380,2,True,True,False,4500000000
919, آسمان ,83,1382,2,True,True,True,4500000000
920, آسمان ,101,1383,2,True,True,True,5500000000
921, آسمان ,130,1400,3,True,True,True,9700000000
922, آسمان ,83,1380,2,False,True,True,4150000000
923, آسمان ,112,1387,2,True,True,True,6100000000
924, آسمان ,76,1384,2,False,True,True,3900000000
925, آسمان ,82,1387,2,True,True,True,4500000000
926, آسمان ,117,1383,2,True,True,True,6350000000
927, آسمان ,83,1380,2,False,True,True,4150000000
928, آسمان ,112,1387,2,True,True,True,6100000000
929, آسمان ,76,1384,2,False,True,True,3900000000
930, آسمان ,82,1387,2,True,True,True,4500000000
931, آسمان ,117,1383,2,True,True,True,6350000000
932, آسمان ,72,1383,2,False,True,True,3500000000
933, آسمان ,131,1399,3,True,True,True,8500000000
934, آسمان ,68,1385,2,True,False,True,3500000000
935, آسمان ,130,1399,3,True,True,True,9300000000
936, آسمان ,127,1399,3,True,True,True,9550000000
937, آسمان ,83,1380,2,False,True,True,4150000000
938, آسمان ,112,1387,2,True,True,True,6100000000
939, آسمان ,76,1384,2,False,True,True,3900000000
940, آسمان ,82,1387,2,True,True,True,4500000000
941, آسمان ,117,1383,2,True,True,True,6350000000
942, آسمان ,72,1383,2,False,True,True,3500000000
943, آسمان ,131,1399,3,True,True,True,8500000000
944, آسمان ,68,1385,2,True,False,True,3500000000
945, آسمان ,130,1399,3,True,True,True,9300000000
946, آسمان ,127,1399,3,True,True,True,9550000000
947, آسمان ,83,1380,2,False,True,True,4150000000
948, آسمان ,112,1387,2,True,True,True,6100000000
949, آسمان ,76,1384,2,False,True,True,3900000000
950, آسمان ,82,1387,2,True,True,True,4500000000
951, آسمان ,117,1383,2,True,True,True,6350000000
952, آسمان ,72,1383,2,False,True,True,3500000000
953, آسمان ,131,1399,3,True,True,True,8500000000
954, آسمان ,68,1385,2,True,False,True,3500000000
955, آسمان ,130,1399,3,True,True,True,9300000000
956, آسمان ,127,1399,3,True,True,True,9550000000
957, آسمان ,83,1380,2,False,True,True,4150000000
958, آسمان ,112,1387,2,True,True,True,6100000000
959, آسمان ,76,1384,2,False,True,True,3900000000
960, آسمان ,82,1387,2,True,True,True,4500000000
961, آسمان ,117,1383,2,True,True,True,6350000000
962, آسمان ,72,1383,2,False,True,True,3500000000
963, آسمان ,131,1399,3,True,True,True,8500000000
964, آسمان ,68,1385,2,True,False,True,3500000000
965, آسمان ,130,1399,3,True,True,True,9300000000
966, آسمان ,127,1399,3,True,True,True,9550000000
967, آسمان ,83,1380,2,False,True,True,4150000000
968, آسمان ,112,1387,2,True,True,True,6100000000
969, آسمان ,76,1384,2,False,True,True,3900000000
970, آسمان ,82,1387,2,True,True,True,4500000000
971, آسمان ,117,1383,2,True,True,True,6350000000
972, آسمان ,72,1383,2,False,True,True,3500000000
973, آسمان ,131,1399,3,True,True,True,8500000000
974, آسمان ,68,1385,2,True,False,True,3500000000
975, آسمان ,130,1399,3,True,True,True,9300000000
976, آسمان ,127,1399,3,True,True,True,9550000000
977, آسمان ,83,1380,2,False,True,True,4150000000
978, آسمان ,112,1387,2,True,True,True,6100000000
979, آسمان ,76,1384,2,False,True,True,3900000000
980, آسمان ,82,1387,2,True,True,True,4500000000
981, آسمان ,117,1383,2,True,True,True,6350000000
982, آسمان ,72,1383,2,False,True,True,3500000000
983, آسمان ,131,1399,3,True,True,True,8500000000
984, آسمان ,68,1385,2,True,False,True,3500000000
985, آسمان ,130,1399,3,True,True,True,9300000000
986, آسمان ,127,1399,3,True,True,True,9550000000
987, آشتیانی ,98,1382,2,False,False,True,2450000000
988, آشتیانی ,74,1383,1,False,True,True,1900000000
989, آشتیانی ,130,1395,3,True,True,True,4800000000
990, آشتیانی ,133,1398,3,True,True,False,4655000000
991, آشتیانی ,135,1400,3,True,True,True,6500000000
992, آشتیانی ,52,1378,1,True,False,True,1300000000
993, آشتیانی ,66,1386,2,False,True,True,1780000000
994, آشتیانی ,125,1400,3,True,True,False,4600000000
995, آشتیانی ,52,1383,1,False,False,True,1400000000
996, آشتیانی ,43,1383,1,False,False,True,1200000000
997, آشتیانی ,94,1399,2,True,True,True,3500000000
998, آشتیانی ,81,1397,2,True,True,True,2800000000
999, آشتیانی ,81,1380,2,False,True,True,2150000000
1000, آشتیانی ,77,1384,2,False,True,True,1950000000
1001, آشتیانی ,56,1384,1,False,True,True,1750000000
1002, آشتیانی ,124,1374,2,False,False,False,3800000000
1003, آشتیانی ,72,1376,2,True,False,True,2088000000
1004, آشتیانی ,80,1384,2,False,False,True,1900000000
1005, آشتیانی ,95,1384,2,True,True,True,2700000000
1006, آشتیانی ,155,1400,3,True,True,True,6900000000
1007, آشتیانی ,101,1400,2,True,True,True,1050400000
1008, آشتیانی ,116,1397,2,True,True,True,4408000000
1009, آشتیانی ,120,1388,3,True,True,True,4200000000
1010, آشتیانی ,120,1370,2,False,True,True,1700000000
1011, آشتیانی ,60,1373,1,False,False,False,1530000000
1012, آشتیانی ,74,1377,2,False,True,False,1800000000
1013, آشتیانی ,90,1382,2,False,True,True,2600000000
1014, آشتیانی ,79,1380,2,True,False,True,2300000000
1015, آشتیانی ,150,1385,3,True,True,True,5550000000
1016, آشتیانی ,117,1393,2,True,True,True,4400000000
1017, آشتیانی ,45,1383,1,True,True,True,1460000000
1018, آشتیانی ,60,1373,1,False,False,False,1530000000
1019, آشتیانی ,74,1377,2,False,True,False,1800000000
1020, آشتیانی ,90,1382,2,False,True,True,2600000000
1021, آشتیانی ,79,1380,2,True,False,True,2300000000
1022, آشتیانی ,150,1385,3,True,True,True,5550000000
1023, آشتیانی ,117,1393,2,True,True,True,4400000000
1024, آشتیانی ,45,1383,1,True,True,True,1460000000
1025, آشتیانی ,60,1373,1,False,False,False,1530000000
1026, آشتیانی ,74,1377,2,False,True,False,1800000000
1027, آشتیانی ,90,1382,2,False,True,True,2600000000
1028, آشتیانی ,79,1380,2,True,False,True,2300000000
1029, آشتیانی ,150,1385,3,True,True,True,5550000000
1030, آشتیانی ,117,1393,2,True,True,True,4400000000
1031, آشتیانی ,45,1383,1,True,True,True,1460000000
1032, آشتیانی ,60,1373,1,False,False,False,1530000000
1033, آشتیانی ,74,1377,2,False,True,False,1800000000
1034, آشتیانی ,90,1382,2,False,True,True,2600000000
1035, آشتیانی ,79,1380,2,True,False,True,2300000000
1036, آشتیانی ,150,1385,3,True,True,True,5550000000
1037, آشتیانی ,117,1393,2,True,True,True,4400000000
1038, آشتیانی ,45,1383,1,True,True,True,1460000000
1039, آشتیانی ,60,1373,1,False,False,False,1530000000
1040, آشتیانی ,74,1377,2,False,True,False,1800000000
1041, آشتیانی ,90,1382,2,False,True,True,2600000000
1042, آشتیانی ,79,1380,2,True,False,True,2300000000
1043, آشتیانی ,150,1385,3,True,True,True,5550000000
1044, آشتیانی ,117,1393,2,True,True,True,4400000000
1045, آشتیانی ,45,1383,1,True,True,True,1460000000
1046, آشتیانی ,60,1373,1,False,False,False,1530000000
1047, آشتیانی ,74,1377,2,False,True,False,1800000000
1048, آشتیانی ,90,1382,2,False,True,True,2600000000
1049, آشتیانی ,79,1380,2,True,False,True,2300000000
1050, آشتیانی ,150,1385,3,True,True,True,5550000000
1051, آشتیانی ,117,1393,2,True,True,True,4400000000
1052, آشتیانی ,45,1383,1,True,True,True,1460000000
1053, آشتیانی ,60,1373,1,False,False,False,1530000000
1054, آشتیانی ,74,1377,2,False,True,False,1800000000
1055, آشتیانی ,90,1382,2,False,True,True,2600000000
1056, آشتیانی ,79,1380,2,True,False,True,2300000000
1057, آشتیانی ,150,1385,3,True,True,True,5550000000
1058, آشتیانی ,117,1393,2,True,True,True,4400000000
1059, آشتیانی ,45,1383,1,True,True,True,1460000000
1060, آهنگ ,85,1394,2,True,False,True,1070000000
1061, آهنگ ,111,1398,2,True,True,True,4900000000
1062, آهنگ ,60,1386,1,False,False,True,950000000
1063, آهنگ ,36,1390,1,False,True,True,810000000
1064, آهنگ ,120,1400,2,True,True,True,10236000000
1065, آهنگ ,63,1389,1,True,True,True,1290000000
1066, آهنگ ,35,1377,1,False,False,True,480000000
1067, آهنگ ,72,1389,2,True,True,True,1332000000
1068, آهنگ ,42,1395,1,True,True,True,800000000
1069, آهنگ ,72,1390,2,True,True,True,1407000000
1070, آهنگ ,40,1387,1,False,False,True,775000000
1071, آهنگ ,112,1400,2,True,True,True,4256000000
1072, آهنگ ,73,1400,2,True,True,False,1970000000
1073, آهنگ ,70,1399,2,True,True,True,1800000000
1074, آهنگ ,75,1381,2,False,False,True,1500000000
1075, آهنگ ,51,1391,1,False,False,True,800000000
1076, آهنگ ,53,1386,1,False,True,True,1300000000
1077, آهنگ ,59,1396,1,True,True,False,1350000000
1078, آهنگ ,50,1378,1,False,False,True,630000000
1079, آهنگ ,61,1392,1,True,True,True,1440000000
1080, آهنگ ,45,1382,1,False,True,True,730000000
1081, آهنگ ,62,1394,1,True,True,True,1195000000
1082, آهنگ ,55,1387,2,False,False,False,950000000
1083, آهنگ ,70,1383,1,False,True,True,2250000000
1084, آهنگ ,59,1392,1,True,False,False,1350000000
1085, آهنگ ,43,1383,1,False,True,True,760000000
1086, آهنگ ,47,1382,1,False,False,True,710000000
1087, آهنگ ,52,1385,1,False,True,True,1090000000
1088, آهنگ ,68,1392,2,False,True,True,1500000000
1089, آهنگ ,68,1385,2,True,True,True,1698000000
1090, آهنگ ,65,1387,2,False,True,True,1300000000
1091, آهنگ ,36,1390,1,False,True,True,700000000
1092, آهنگ ,36,1396,1,False,False,False,580000000
1093, آهنگ ,53,1382,1,False,False,False,900000000
1094, آهنگ ,51,1389,1,False,False,False,1100000000
1095, آهنگ ,54,1395,1,True,True,False,1350000000
1096, آهنگ ,68,1381,2,True,False,True,1950000000
1097, آهنگ ,59,1377,1,False,False,False,1050000000
1098, آهنگ ,56,1383,1,False,False,True,950000000
1099, آهنگ ,100,1393,2,True,True,True,3500000000
1100, آهنگ ,45,1398,1,True,False,True,660000000
1101, آهنگ ,38,1394,1,True,True,False,610000000
1102, آهنگ ,67,1390,2,False,False,True,1340000000
1103, آهنگ ,45,1385,1,True,False,False,1260000000
1104, آهنگ ,60,1400,1,True,True,False,1560000000
1105, آهنگ ,42,1382,1,False,False,True,650000000
1106, آهنگ ,65,1400,2,True,True,False,1040000000
1107, آهنگ ,85,1400,2,True,True,True,3000000000
1108, آهنگ ,110,1400,2,True,True,True,1650000000
1109, آهنگ ,52,1400,1,True,True,True,1100000000
1110, آهنگ ,50,1391,1,True,False,True,880000000
1111, آهنگ ,205,1400,3,True,True,True,6100000000
1112, آهنگ ,51,1377,1,False,True,False,750000000
1113, آهنگ ,122,1394,2,True,True,True,4700000000
1114, آهنگ ,68,1386,2,False,False,True,1200000000
1115, آهنگ ,55,1396,1,True,True,True,800000000
1116, آهنگ ,44,1390,1,False,True,True,660000000
1117, آهنگ ,34,1380,1,False,True,True,255000000
1118, آهنگ ,65,1394,1,True,False,True,1300000000
1119, آهنگ ,106,1400,2,True,True,True,1900000000
1120, آهنگ ,45,1400,1,True,True,True,1023000000
1121, آهنگ ,87,1399,2,True,True,True,2000000000
1122, آهنگ ,50,1393,1,True,False,False,990000000
1123, آهنگ ,90,1400,2,True,True,True,3600000000
1124, آهنگ ,56,1383,1,False,False,True,880000000
1125, آهنگ ,70,1384,2,True,True,True,1850000000
1126, آهنگ ,69,1389,2,False,False,True,1587000000
1127, آهنگ ,78,1400,2,True,True,False,550000000
1128, آهنگ ,78,1383,2,False,False,True,1350000000
1129, آهنگ ,80,1385,2,True,False,True,2320000000
1130, آهنگ ,71,1384,2,False,False,True,970000000
1131, آهنگ ,50,1386,1,False,False,True,930000000
1132, آهنگ ,90,1398,2,True,True,True,2600000000
1133, آهنگ ,51,1389,1,False,False,True,850000000
1134, آهنگ ,51,1380,1,True,False,True,1250000000
1135, آهنگ ,60,1384,2,True,True,True,1680000000
1136, آهنگ ,92,1395,2,True,True,True,2200000000
1137, آهنگ ,57,1398,1,True,True,False,1350000000
1138, آهنگ ,52,1388,1,True,False,False,880000000
1139, آهنگ ,55,1382,1,False,False,True,900000000
1140, آهنگ ,45,1385,1,False,False,True,760000000
1141, آهنگ ,61,1398,1,True,False,True,1220000000
1142, آهنگ ,138,1393,2,True,True,True,4200000000
1143, آهنگ ,81,1385,2,True,True,True,1390000000
1144, آهنگ ,55,1384,1,True,True,True,1350000000
1145, آهنگ ,73,1390,2,False,True,True,1260000000
1146, آهنگ ,58,1381,1,False,False,True,820000000
1147, آهنگ ,50,1400,1,True,True,False,1350000000
1148, آهنگ ,68,1383,2,False,False,True,1200000000
1149, آهنگ ,118,1400,3,True,True,True,3150000000
1150, آهنگ ,63,1382,1,False,False,True,1570000000
1151, آهنگ ,75,1384,2,True,True,True,2250000000
1152, آهنگ ,92,1395,2,True,True,True,3200000000
1153, آهنگ ,80,1400,2,True,True,True,1160000000
1154, آهنگ ,55,1393,1,True,True,True,1330000000
1155, آهنگ ,112,1393,3,True,True,True,2685000000
1156, آهنگ ,51,1382,1,True,False,True,1300000000
1157, آهنگ ,85,1390,2,False,True,True,1600000000
1158, آهنگ ,62,1390,1,True,True,True,1340000000
1159, آهنگ ,52,1386,1,False,False,False,840000000
1160, آهنگ ,82,1400,2,True,True,True,1480000000
1161, آهنگ ,35,1380,1,False,True,True,620000000
1162, آهنگ ,63,1383,1,True,True,False,1600000000
1163, آهنگ ,75,1400,2,True,True,True,2700000000
1164, آهنگ ,52,1383,1,True,False,True,1070000000
1165, آهنگ ,67,1385,1,False,False,True,1410000000
1166, آهنگ ,56,1395,1,True,False,True,1160000000
1167, آهنگ ,45,1382,1,False,True,True,770000000
1168, آهنگ ,50,1400,1,True,False,True,810000000
1169, آهنگ ,40,1375,1,False,False,False,850000000
1170, آهنگ ,70,1400,2,True,True,True,1100000000
1171, آهنگ ,109,1398,2,True,True,True,3480000000
1172, آهنگ ,132,1388,3,True,True,True,4200000000
1173, آهنگ ,93,1396,3,True,True,True,1600000000
1174, آهنگ ,41,1389,1,False,True,True,1000000000
1175, آهنگ ,112,1394,2,True,True,True,4100000000
1176, آهنگ ,60,1388,2,True,False,True,1000000000
1177, آهنگ ,125,1394,3,True,True,True,3300000000
1178, آهنگ ,126,1400,3,True,True,True,7000000000
1179, آهنگ ,84,1395,2,True,True,True,2100000000
1180, آهنگ ,35,1381,1,False,True,True,650000000
1181, آهنگ ,104,1400,2,True,True,True,2444000000
1182, آهنگ ,51,1394,1,True,False,True,1060000000
1183, آهنگ ,71,1379,2,False,False,True,1420000000
1184, آهنگ ,75,1400,2,True,True,True,1980000000
1185, آهنگ ,60,1392,1,True,True,True,1385000000
1186, آهنگ ,60,1384,2,False,False,False,920000000
1187, آهنگ ,190,1400,4,True,True,True,7800000000
1188, آهنگ ,102,1400,2,True,True,True,3100000000
1189, آهنگ ,62,1384,2,True,True,True,1550000000
1190, آهنگ ,36,1377,1,False,False,True,630000000
1191, آهنگ ,82,1382,2,False,False,True,1650000000
1192, آهنگ ,60,1375,1,False,True,True,1200000000
1193, آهنگ ,36,1396,1,True,True,False,770000000
1194, آهنگ ,60,1379,1,False,False,True,1050000000
1195, آهنگ ,85,1390,2,True,True,True,2000000000
1196, آهنگ ,75,1385,2,True,False,True,1100000000
1197, آهنگ ,108,1396,3,True,True,True,2700000000
1198, آهنگ ,94,1393,2,True,True,True,2200000000
1199, آهنگ ,46,1387,1,False,False,True,630000000
1200, آهنگ ,35,1378,1,False,False,True,600000000
1201, آهنگ ,90,1397,2,True,True,True,2800000000
1202, آهنگ ,40,1387,1,False,False,True,680000000
1203, آهنگ ,59,1392,1,True,False,False,1350000000
1204, آهنگ ,70,1396,2,True,True,True,940000000
1205, آهنگ ,122,1396,3,True,True,True,3300000000
1206, آهنگ ,85,1400,2,True,True,True,2100000000
1207, آهنگ ,45,1380,1,False,False,False,760000000
1208, آهنگ ,53,1384,1,False,False,False,1100000000
1209, آهنگ ,72,1385,2,True,True,True,1850000000
1210, آهنگ ,43,1382,1,False,False,True,710000000
1211, آهنگ ,50,1375,1,False,False,True,1200000000
1212, آذری ,100,1400,2,True,True,True,1030000000
1213, آذری ,82,1400,2,True,True,True,1390000000
1214, آذری ,55,1380,2,False,False,True,880000000
1215, آذری ,60,1389,1,False,False,True,710000000
1216, آذری ,102,1399,2,True,True,True,2091000000
1217, آذری ,114,1395,2,True,True,False,1938000000
1218, آذری ,120,1400,2,True,True,True,1236000000
1219, آذری ,58,1383,1,False,False,False,754000000
1220, آذری ,53,1388,1,True,True,False,800000000
1221, آذری ,40,1385,1,False,False,True,570000000
1222, آذری ,127,1400,3,True,True,True,1320800000
1223, توحید ,85,1400,2,True,True,False,2975000000
1224, توحید ,87,1391,2,True,True,True,3400000000
1225, توحید ,98,1400,2,True,True,True,1035000000
1226, توحید ,71,1371,1,False,False,True,1720000000
1227, توحید ,87,1390,2,True,True,True,3200000000
1228, توحید ,62,1388,2,False,True,True,2150000000
1229, توحید ,80,1382,2,False,True,True,2480000000
1230, توحید ,60,1398,1,True,False,False,2100000000
1231, توحید ,82,1400,2,True,True,True,2980000000
1232, توحید ,70,1392,2,True,True,True,2490000000
1233, توحید ,125,1397,3,True,True,True,4900000000
1234, توحید ,60,1400,1,True,True,True,2720000000
1235, توحید ,80,1390,2,True,True,False,3050000000
1236, توحید ,74,1388,2,True,True,True,2775000000
1237, توحید ,90,1400,2,True,True,True,4000000000
1238, توحید ,86,1370,1,True,True,False,2300000000
1239, توحید ,96,1400,2,True,True,True,1030000000
1240, توحید ,70,1370,2,False,False,True,1750000000
1241, توحید ,191,1370,3,False,False,True,6000000000
1242, توحید ,100,1400,2,True,True,True,1031000000
1243, توحید ,92,1390,2,True,True,True,3660000000
1244, توحید ,118,1400,2,True,True,True,560000000
1245, توحید ,126,1378,3,True,False,True,3780000000
1246, توحید ,86,1385,2,True,False,True,2200000000
1247, توحید ,93,1383,2,False,False,True,2600000000
1248, توحید ,63,1395,1,True,True,False,2080000000
1249, توحید ,101,1395,2,True,True,True,3600000000
1250, توحید ,60,1400,1,True,False,True,2050000000
1251, توحید ,120,1400,3,True,True,True,4500000000
1252, توحید ,107,1370,2,False,False,True,2350000000
1253, توحید ,71,1375,2,False,False,True,2100000000
1254, توحید ,115,1381,2,False,True,True,3500000000
1255, توحید ,65,1388,2,False,False,True,1320000000
1256, توحید ,165,1370,4,True,True,False,4000000000
1257, توحید ,60,1398,1,True,False,False,2200000000
1258, توحید ,60,1375,1,False,False,False,1500000000
1259, توحید ,88,1400,2,True,True,True,3960000000
1260, توحید ,67,1375,2,False,False,True,1700000000
1261, توحید ,90,1381,2,False,False,True,2530000000
1262, توحید ,150,1399,3,True,True,True,6900000000
1263, توحید ,86,1400,2,True,True,True,3800000000
1264, توحید ,50,1397,1,True,True,False,2050000000
1265, توحید ,60,1398,1,True,False,False,2200000000
1266, توحید ,50,1380,1,False,False,False,1500000000
1267, توحید ,87,1378,2,True,True,True,3090000000
1268, توحید ,60,1397,1,True,False,True,2300000000
1269, توحید ,67,1395,1,True,True,True,2600000000
1270, توحید ,80,1371,2,False,False,False,2300000000
1271, توحید ,60,1387,2,False,True,True,1570000000
1272, توحید ,70,1380,2,False,False,True,1650000000
1273, توحید ,80,1371,2,False,False,True,2320000000
1274, توحید ,105,1400,2,True,True,True,1000000000
1275, توحید ,92,1393,2,True,True,True,3350000000
1276, توحید ,80,1395,2,True,False,True,2550000000
1277, توحید ,125,1400,2,True,True,True,5625000000
1278, توحید ,100,1393,2,True,True,True,3985000000
1279, توحید ,85,1389,2,True,True,True,3500000000
1280, توحید ,55,1384,1,False,False,True,1950000000
1281, توحید ,127,1386,3,True,True,True,4400000000
1282, توحید ,46,1381,1,False,False,True,1680000000
1283, توحید ,148,1370,3,False,False,True,5800000000
1284, توحید ,130,1371,2,False,True,True,3625000000
1285, توحید ,125,1400,2,True,True,True,5625000000
1286, توحید ,100,1393,2,True,True,True,3985000000
1287, توحید ,85,1389,2,True,True,True,3500000000
1288, توحید ,55,1384,1,False,False,True,1950000000
1289, توحید ,127,1386,3,True,True,True,4400000000
1290, توحید ,46,1381,1,False,False,True,1680000000
1291, توحید ,148,1370,3,False,False,True,5800000000
1292, توحید ,130,1371,2,False,True,True,3625000000
1293, توحید ,125,1400,2,True,True,True,5625000000
1294, توحید ,100,1393,2,True,True,True,3985000000
1295, توحید ,85,1389,2,True,True,True,3500000000
1296, توحید ,55,1384,1,False,False,True,1950000000
1297, توحید ,127,1386,3,True,True,True,4400000000
1298, توحید ,46,1381,1,False,False,True,1680000000
1299, توحید ,148,1370,3,False,False,True,5800000000
1300, توحید ,130,1371,2,False,True,True,3625000000
1301, توحید ,125,1400,2,True,True,True,5625000000
1302, توحید ,100,1393,2,True,True,True,3985000000
1303, توحید ,85,1389,2,True,True,True,3500000000
1304, توحید ,55,1384,1,False,False,True,1950000000
1305, توحید ,127,1386,3,True,True,True,4400000000
1306, توحید ,46,1381,1,False,False,True,1680000000
1307, توحید ,148,1370,3,False,False,True,5800000000
1308, توحید ,130,1371,2,False,True,True,3625000000
1309, توحید ,125,1400,2,True,True,True,5625000000
1310, توحید ,100,1393,2,True,True,True,3985000000
1311, توحید ,85,1389,2,True,True,True,3500000000
1312, توحید ,55,1384,1,False,False,True,1950000000
1313, توحید ,127,1386,3,True,True,True,4400000000
1314, توحید ,46,1381,1,False,False,True,1680000000
1315, توحید ,148,1370,3,False,False,True,5800000000
1316, توحید ,130,1371,2,False,True,True,3625000000
1317, بریانک ,41,1399,1,True,False,True,720000000
1318, بریانک ,67,1394,2,True,False,True,1270000000
1319, بریانک ,50,1390,1,True,False,True,900000000
1320, بریانک ,60,1380,1,False,True,True,820000000
1321, بریانک ,67,1385,2,False,True,True,1200000000
1322, بریانک ,78,1400,2,True,True,False,1600000000
1323, بریانک ,79,1400,2,True,True,True,1600000000
1324, بریانک ,60,1394,2,True,False,True,1100000000
1325, بریانک ,60,1394,2,True,False,True,1100000000
1326, بریانک ,64,1388,2,False,True,True,1040000000
1327, بریانک ,55,1395,1,True,False,True,1050000000
1328, بریانک ,40,1398,1,True,False,True,720000000
1329, بریانک ,67,1385,2,False,True,True,1100000000
1330, بریانک ,54,1383,1,False,False,True,763000000
1331, بریانک ,41,1397,1,True,False,True,715000000
1332, بریانک ,51,1392,1,True,False,True,935000000
1333, بریانک ,78,1400,2,True,True,True,1580000000
1334, بریانک ,122,1375,2,True,True,True,2500000000
1335, بریانک ,45,1382,1,False,False,True,725000000
1336, بریانک ,55,1386,2,False,True,True,950000000
1337, بریانک ,90,1390,2,True,True,True,1700000000
1338, بریانک ,75,1382,2,True,False,True,1180000000
1339, بریانک ,50,1380,1,False,False,True,790000000
1340, بریانک ,54,1399,1,True,True,True,1040000000
1341, بریانک ,64,1399,1,True,True,True,1250000000
1342, بریانک ,55,1389,2,False,True,False,920000000
1343, بریانک ,81,1393,2,True,True,True,1660000000
1344, بریانک ,54,1384,1,False,False,True,890000000
1345, بریانک ,36,1378,1,False,False,True,665000000
1346, بریانک ,57,1395,1,True,False,True,979000000
1347, بریانک ,44,1382,1,False,False,False,665000000
1348, بریانک ,52,1393,1,True,False,True,940000000
1349, بریانک ,56,1375,1,False,False,True,820000000
1350, بریانک ,41,1387,1,False,True,True,770000000
1351, بریانک ,49,1393,1,True,False,True,895000000
1352, بریانک ,54,1384,1,False,False,True,875000000
1353, بریانک ,68,1385,2,False,True,True,1180000000
1354, بریانک ,56,1400,1,True,True,True,1230000000
1355, بریانک ,78,1400,2,True,True,True,1620000000
1356, بریانک ,41,1385,1,False,True,True,750000000
1357, بریانک ,74,1385,1,False,True,True,1450000000
1358, بریانک ,50,1395,1,True,False,True,870000000
1359, بریانک ,50,1375,1,False,False,False,790000000
1360, بریانک ,44,1389,1,True,False,False,810000000
1361, بریانک ,47,1395,1,True,False,True,910000000
1362, بریانک ,65,1396,2,True,True,True,1300000000
1363, بریانک ,68,1388,2,True,True,True,1170000000
1364, بریانک ,56,1383,1,True,True,True,870000000
1365, بریانک ,86,1383,2,True,False,False,1350000000
1366, بریانک ,64,1399,1,True,True,True,1120000000
1367, بریانک ,62,1380,1,False,False,True,290000000
1368, بریانک ,41,1376,1,False,False,False,655000000
1369, بریانک ,33,1375,1,False,False,False,540000000
1370, بریانک ,88,1395,2,True,True,True,1850000000
1371, بریانک ,50,1383,1,False,False,True,690000000
1372, بریانک ,42,1388,1,False,False,True,730000000
1373, بریانک ,87,1395,2,True,True,True,1850000000
1374, بریانک ,45,1398,1,True,True,True,920000000
1375, بریانک ,50,1394,1,True,False,False,895000000
1376, بریانک ,95,1399,2,True,True,False,1850000000
1377, بریانک ,38,1384,1,False,False,True,585000000
1378, بریانک ,50,1376,1,False,False,False,740000000
1379, بریانک ,48,1391,1,True,False,True,910000000
1380, بریانک ,70,1387,2,True,True,True,1200000000
1381, بریانک ,96,1400,2,True,True,True,2338000000
1382, بریانک ,56,1382,1,False,False,True,900000000
1383, بریانک ,50,1385,1,False,False,True,690000000
1384, بریانک ,61,1396,1,True,True,True,1310000000
1385, بریانک ,80,1393,2,True,True,True,1650000000
1386, بریانک ,61,1383,2,False,True,True,1050000000
1387, بریانک ,51,1381,1,False,False,True,795000000
1388, بریانک ,40,1388,1,False,True,True,770000000
1389, بریانک ,40,1379,1,False,False,False,660000000
1390, بریانک ,45,1381,1,False,False,True,560000000
1391, بریانک ,44,1382,1,False,False,False,650000000
1392, بریانک ,54,1384,1,False,False,True,875000000
1393, بریانک ,37,1381,1,False,False,False,630000000
1394, بریانک ,53,1396,1,True,False,True,900000000
1395, بریانک ,56,1395,1,True,False,True,1010000000
1396, بریانک ,40,1400,1,True,False,True,750000000
1397, بریانک ,79,1400,2,True,True,False,1600000000
1398, بریانک ,78,1400,2,True,True,True,1620000000
1399, بریانک ,44,1393,1,True,True,True,700000000
1400, بریانک ,50,1390,1,True,False,True,910000000
1401, بریانک ,138,1400,3,True,True,True,784000000
1402, بریانک ,42,1380,1,False,False,True,320000000
1403, بریانک ,54,1382,1,False,False,False,910000000
1404, بریانک ,90,1390,2,False,False,True,1700000000
1405, بریانک ,45,1380,1,False,False,True,650000000
1406, بریانک ,95,1400,2,True,True,True,1645000000
1407, بریانک ,50,1394,1,True,True,True,1030000000
1408, بریانک ,45,1381,1,False,False,True,670000000
1409, بریانک ,88,1380,2,True,True,True,1350000000
1410, بریانک ,38,1387,1,False,True,True,780000000
1411, بریانک ,48,1380,1,False,False,False,690000000
1412, بریانک ,66,1393,2,True,False,True,1287000000
1413, بریانک ,46,1380,1,False,False,True,650000000
1414, بریانک ,74,1382,1,False,True,True,1450000000
1415, بریانک ,56,1375,1,False,False,True,820000000
1416, بریانک ,37,1388,1,False,False,True,570000000
1417, بریانک ,140,1400,3,True,True,True,2800000000
1418, بریانک ,56,1381,1,False,True,True,1020000000
1419, بریانک ,40,1392,1,False,True,False,780000000
1420, بریانک ,70,1387,2,False,False,True,945000000
1421, بریانک ,60,1385,1,False,False,True,740000000
1422, بریانک ,60,1396,1,True,False,True,1100000000
1423, بریانک ,74,1386,1,False,True,True,1450000000
1424, بریانک ,124,1400,3,True,True,True,2700000000
1425, بریانک ,96,1399,2,True,True,True,1850000000
1426, بریانک ,70,1387,2,False,False,True,945000000
1427, بریانک ,120,1399,2,True,True,True,2650000000
1428, بریانک ,61,1394,2,True,False,True,1050000000
1429, بریانک ,46,1393,1,True,True,False,930000000
1430, بریانک ,78,1400,2,True,True,True,1680000000
1431, بریانک ,70,1388,2,False,False,True,949000000
1432, بریانک ,47,1386,1,True,True,True,950000000
1433, بریانک ,54,1390,1,True,True,True,960000000
1434, بریانک ,50,1393,1,True,False,True,870000000
1435, بریانک ,49,1381,1,False,False,True,780000000
1436, بریانک ,43,1380,1,False,False,False,685000000
1437, بریانک ,44,1390,1,True,False,True,800000000
1438, بریانک ,56,1380,1,False,False,True,820000000
1439, بریانک ,74,1385,1,False,True,False,1450000000
1440, بریانک ,52,1380,1,False,True,True,980000000
1441, بریانک ,60,1382,2,False,False,True,770000000
1442, بریانک ,48,1380,1,False,False,False,690000000
1443, بریانک ,95,1400,2,True,True,True,2650000000
1444, بریانک ,38,1380,1,False,False,False,630000000
1445, بریانک ,40,1385,1,False,True,True,685000000
1446, بریانک ,57,1376,2,False,False,False,1000000000
1447, بریانک ,53,1382,1,False,True,True,1250000000
1448, بریانک ,52,1397,1,True,True,True,1220000000
1449, بریانک ,38,1380,1,False,False,True,625000000
1450, بریانک ,124,1400,3,True,True,True,2700000000
1451, بریانک ,46,1380,1,False,False,True,750000000
1452, بریانک ,33,1384,1,False,False,True,680000000
1453, بریانک ,60,1372,1,False,False,False,1020000000
1454, بریانک ,32,1383,1,False,False,True,550000000
1455, بریانک ,86,1399,2,True,True,True,1750000000
1456, بریانک ,63,1390,1,True,True,True,730000000
1457, بریانک ,65,1398,1,True,True,True,1200000000
1458, بریانک ,44,1391,1,True,False,True,810000000
1459, بریانک ,39,1382,1,False,False,True,680000000
1460, بریانک ,80,1400,2,True,True,True,1650000000
1461, بریانک ,60,1378,2,False,False,False,750000000
1462, بریانک ,48,1386,1,False,True,True,850000000
1463, بریانک ,60,1389,1,False,False,True,720000000
1464, بریانک ,40,1381,1,False,False,True,680000000
1465, بریانک ,61,1400,1,True,True,True,1100000000
1466, بریانک ,88,1380,2,True,True,True,1360000000
1467, بریانک ,53,1395,1,True,True,True,1050000000
1468, بریانک ,58,1386,1,True,True,True,1100000000
1469, بریانک ,38,1381,1,False,False,True,640000000
1470, بریانک ,50,1391,1,True,False,True,900000000
1471, بریانک ,46,1380,1,False,False,True,810000000
1472, بریانک ,74,1385,1,False,True,True,1450000000
1473, بریانک ,52,1390,1,False,True,True,1150000000
1474, بریانک ,55,1384,1,False,False,True,880000000
1475, بریانک ,80,1370,1,False,False,True,895000000
1476, بریانک ,71,1383,2,False,True,True,1260000000
1477, بریانک ,45,1385,1,False,False,True,650000000
1478, بریانک ,78,1400,2,True,True,True,1560000000
1479, بریانک ,76,1396,2,True,True,True,1330000000
1480, بریانک ,70,1387,2,True,True,True,1170000000
1481, بریانک ,91,1387,2,False,True,True,1650000000
1482, بریانک ,96,1400,2,True,True,True,1850000000
1483, بریانک ,130,1400,2,True,True,True,2600000000
1484, بریانک ,80,1400,2,True,True,True,1700000000
1485, بریانک ,83,1395,2,True,True,True,1560000000
1486, بریانک ,46,1380,1,False,False,True,750000000
1487, بریانک ,44,1384,1,False,False,True,730000000
1488, بریانک ,69,1387,2,True,True,True,1170000000
1489, بریانک ,44,1380,1,False,True,True,810000000
1490, بریانک ,64,1397,1,True,True,True,1270000000
1491, بریانک ,41,1378,1,False,False,True,650000000
1492, بریانک ,76,1370,1,False,False,True,1200000000
1493, بریانک ,64,1395,1,True,True,True,1280000000
1494, بریانک ,45,1380,1,False,True,True,715000000
1495, بریانک ,60,1395,2,True,False,True,1100000000
1496, بریانک ,43,1380,1,False,True,True,715000000
1497, بریانک ,43,1380,1,False,True,True,715000000
1498, بریانک ,42,1375,1,False,False,False,714000000
1499, بریانک ,60,1392,1,True,True,True,1070000000
1500, بریانک ,35,1380,1,False,False,True,550000000
1501, بریانک ,75,1400,2,True,False,False,1190000000
1502, بریانک ,45,1398,1,True,False,True,9950000000
1503, بریانک ,69,1386,2,False,True,True,1200000000
1504, بریانک ,55,1393,1,True,True,True,1100000000
1505, بریانک ,57,1388,2,False,True,True,800000000
1506, فیروزآبادی ,47,1393,1,True,False,False,850000000
1507, فیروزآبادی ,65,1394,1,True,False,True,1490000000
1508, فیروزآبادی ,85,1387,2,False,False,True,1173000000
1509, فیروزآبادی ,45,1394,1,True,False,True,850000000
1510, فیروزآبادی ,86,1398,2,True,True,False,2150000000
1511, فیروزآبادی ,52,1379,1,False,False,True,823000000
1512, فیروزآبادی ,68,1396,1,True,True,True,1450000000
1513, فیروزآبادی ,91,1395,2,True,True,False,1774000000
1514, فیروزآبادی ,85,1387,2,False,False,True,1173000000
1515, فیروزآبادی ,118,1396,2,True,True,False,2714000000
1516, فیروزآبادی ,53,1396,1,True,False,True,1000000000
1517, فیروزآبادی ,74,1386,2,False,False,True,965000000
1518, فیروزآبادی ,108,1400,2,True,True,True,2538000000
1519, فیروزآبادی ,85,1387,2,False,False,True,1173000000
1520, فیروزآبادی ,118,1396,2,True,True,False,2714000000
1521, فیروزآبادی ,53,1396,1,True,False,True,1000000000
1522, فیروزآبادی ,74,1386,2,False,False,True,965000000
1523, فیروزآبادی ,108,1400,2,True,True,True,2538000000
1524, فیروزآبادی ,85,1387,2,False,False,True,1173000000
1525, فیروزآبادی ,118,1396,2,True,True,False,2714000000
1526, فیروزآبادی ,53,1396,1,True,False,True,1000000000
1527, فیروزآبادی ,74,1386,2,False,False,True,965000000
1528, فیروزآبادی ,108,1400,2,True,True,True,2538000000
1529, فیروزآبادی ,85,1387,2,False,False,True,1173000000
1530, فیروزآبادی ,118,1396,2,True,True,False,2714000000
1531, فیروزآبادی ,53,1396,1,True,False,True,1000000000
1532, فیروزآبادی ,74,1386,2,False,False,True,965000000
1533, فیروزآبادی ,108,1400,2,True,True,True,2538000000
1534, فیروزآبادی ,85,1387,2,False,False,True,1173000000
1535, فیروزآبادی ,118,1396,2,True,True,False,2714000000
1536, فیروزآبادی ,53,1396,1,True,False,True,1000000000
1537, فیروزآبادی ,74,1386,2,False,False,True,965000000
1538, فیروزآبادی ,108,1400,2,True,True,True,2538000000
1539, فیروزآبادی ,85,1387,2,False,False,True,1173000000
1540, فیروزآبادی ,118,1396,2,True,True,False,2714000000
1541, فیروزآبادی ,53,1396,1,True,False,True,1000000000
1542, فیروزآبادی ,74,1386,2,False,False,True,965000000
1543, فیروزآبادی ,108,1400,2,True,True,True,2538000000
1544, فیروزآبادی ,85,1387,2,False,False,True,1173000000
1545, فیروزآبادی ,118,1396,2,True,True,False,2714000000
1546, فیروزآبادی ,53,1396,1,True,False,True,1000000000
1547, فیروزآبادی ,74,1386,2,False,False,True,965000000
1548, فیروزآبادی ,108,1400,2,True,True,True,2538000000
1549, خانی‌آباد نو ,105,1396,2,True,True,True,2000000000
1550, خانی‌آباد نو ,62,1391,2,True,True,True,1500000000
1551, خانی‌آباد نو ,64,1380,1,False,False,True,768000000
1552, خانی‌آباد نو ,70,1390,2,False,True,True,1400000000
1553, خانی‌آباد نو ,55,1395,1,True,True,True,1285000000
1554, خانی‌آباد نو ,43,1389,1,True,True,True,850000000
1555, خانی‌آباد نو ,149,1398,2,True,True,True,3180000000
1556, خانی‌آباد نو ,72,1384,2,False,False,True,1150000000
1557, خانی‌آباد نو ,65,1390,1,True,True,False,1250000000
1558, خانی‌آباد نو ,65,1383,1,False,True,False,1250000000
1559, خانی‌آباد نو ,51,1395,1,True,True,False,1224000000
1560, خانی‌آباد نو ,67,1382,1,False,False,False,970000000
1561, خانی‌آباد نو ,63,1379,1,False,True,False,1200000000
1562, خانی‌آباد نو ,55,1394,1,True,True,True,1285000000
1563, خانی‌آباد نو ,110,1400,3,True,True,True,3740000000
1564, خانی‌آباد نو ,140,1397,3,True,True,True,3470000000
1565, خانی‌آباد نو ,143,1400,3,True,True,False,2950000000
1566, خانی‌آباد نو ,58,1393,1,True,True,True,1280000000
1567, خانی‌آباد نو ,70,1370,1,False,False,False,1200000000
1568, خانی‌آباد نو ,63,1384,1,False,True,True,1100000000
1569, خانی‌آباد نو ,98,1400,2,True,True,True,475000000
1570, خانی‌آباد نو ,95,1400,2,True,True,False,2200000000
1571, خانی‌آباد نو ,58,1392,1,True,True,True,1300000000
1572, خانی‌آباد نو ,72,1382,1,False,False,False,1100000000
1573, خانی‌آباد نو ,123,1392,2,True,True,True,2525000000
1574, خانی‌آباد نو ,118,1400,2,True,True,False,3068000000
1575, خانی‌آباد نو ,119,1400,3,True,True,True,3808000000
1576, خانی‌آباد نو ,73,1392,2,True,False,False,1550000000
1577, خانی‌آباد نو ,135,1400,3,True,True,True,4725000000
1578, خانی‌آباد نو ,135,1400,3,True,True,True,4212000000
1579, خانی‌آباد نو ,66,1388,2,False,False,True,1100000000
1580, خانی‌آباد نو ,77,1395,2,True,True,False,1610000000
1581, خانی‌آباد نو ,65,1390,2,False,True,True,1320000000
1582, خانی‌آباد نو ,58,1395,1,True,False,False,1230000000
1583, خانی‌آباد نو ,80,1384,2,False,False,False,1350000000
1584, خانی‌آباد نو ,61,1385,2,True,True,True,1159000000
1585, خانی‌آباد نو ,140,1400,3,True,True,False,3500000000
1586, خانی‌آباد نو ,68,1380,1,False,False,True,880000000
1587, خانی‌آباد نو ,84,1389,2,True,False,True,1600000000
1588, خانی‌آباد نو ,60,1385,2,False,True,True,1200000000
1589, خانی‌آباد نو ,127,1396,3,True,False,True,2700000000
1590, خانی‌آباد نو ,138,1398,3,True,True,True,3200000000
1591, خانی‌آباد نو ,83,1396,2,True,True,True,1660000000
1592, خانی‌آباد نو ,81,1393,2,True,True,True,1850000000
1593, خانی‌آباد نو ,40,1385,1,False,False,True,700000000
1594, خانی‌آباد نو ,65,1384,1,False,False,False,1150000000
1595, خانی‌آباد نو ,82,1393,2,True,True,True,1830000000
1596, خانی‌آباد نو ,83,1385,2,True,True,True,1350000000
1597, خانی‌آباد نو ,50,1390,1,False,False,True,340000000
1598, خانی‌آباد نو ,143,1400,3,True,True,False,3050000000
1599, خانی‌آباد نو ,50,1383,1,False,True,True,900000000
1600, خانی‌آباد نو ,63,1384,1,False,True,True,1100000000
1601, خانی‌آباد نو ,48,1382,1,False,False,True,810000000
1602, خانی‌آباد نو ,93,1400,2,True,True,False,2790000000
1603, خانی‌آباد نو ,62,1380,2,False,False,False,580000000
1604, خانی‌آباد نو ,85,1387,2,False,False,True,1700000000
1605, خانی‌آباد نو ,42,1385,1,False,False,True,760000000
1606, خانی‌آباد نو ,90,1389,4,False,True,True,3450000000
1607, خانی‌آباد نو ,68,1381,2,False,False,False,900000000
1608, خانی‌آباد نو ,71,1382,1,False,False,False,1500000000
1609, خانی‌آباد نو ,184,1380,2,False,True,True,3000000000
1610, خانی‌آباد نو ,64,1392,1,True,True,False,1400000000
1611, خانی‌آباد نو ,73,1394,2,True,True,False,2336000000
1612, خانی‌آباد نو ,43,1382,1,False,False,False,670000000
1613, خانی‌آباد نو ,83,1385,2,True,True,True,1350000000
1614, خانی‌آباد نو ,71,1383,1,False,False,False,1350000000
1615, خانی‌آباد نو ,67,1383,1,False,False,True,1250000000
1616, خانی‌آباد نو ,36,1388,2,False,False,True,610000000
1617, خانی‌آباد نو ,65,1391,2,False,True,True,1358000000
1618, خانی‌آباد نو ,65,1390,2,False,True,True,1350000000
1619, خانی‌آباد نو ,144,1400,3,True,True,False,3096000000
1620, خانی‌آباد نو ,65,1380,2,False,False,False,650000000
1621, خانی‌آباد نو ,65,1390,2,False,True,True,1390000000
1622, خانی‌آباد نو ,73,1384,2,False,False,True,1300000000
1623, خانی‌آباد نو ,114,1391,2,True,True,True,2508000000
1624, خانی‌آباد نو ,90,1399,2,True,True,True,1800000000
1625, خانی‌آباد نو ,72,1385,1,False,False,False,1250000000
1626, خانی‌آباد نو ,90,1392,2,True,False,True,1800000000
1627, خانی‌آباد نو ,82,1393,2,True,True,True,1816000000
1628, خانی‌آباد نو ,65,1389,1,False,True,True,1250000000
1629, خانی‌آباد نو ,75,1393,2,True,False,True,1500000000
1630, خانی‌آباد نو ,68,1380,2,False,True,False,1290000000
1631, خانی‌آباد نو ,65,1385,2,False,False,False,900000000
1632, خانی‌آباد نو ,130,1399,2,True,True,False,3500000000
1633, خانی‌آباد نو ,150,1400,3,True,True,True,3650000000
1634, خانی‌آباد نو ,149,1400,3,True,True,False,3480000000
1635, خانی‌آباد نو ,66,1380,1,False,False,True,1060000000
1636, خانی‌آباد نو ,140,1399,3,True,True,True,3360000000
1637, خانی‌آباد نو ,105,1399,2,True,True,True,2090000000
1638, خانی‌آباد نو ,61,1380,1,False,False,False,980000000
1639, خانی‌آباد نو ,53,1381,1,False,True,True,930000000
1640, خانی‌آباد نو ,55,1394,1,True,True,True,1300000000
1641, خانی‌آباد نو ,65,1383,2,False,False,False,710000000
1642, خانی‌آباد نو ,47,1379,1,False,False,True,720000000
1643, خانی‌آباد نو ,115,1399,2,True,True,False,2817500000
1644, خانی‌آباد نو ,84,1393,2,True,True,False,1764000000
1645, خانی‌آباد نو ,48,1381,1,False,True,True,1500000000
1646, خانی‌آباد نو ,53,1381,1,False,True,True,930000000
1647, خانی‌آباد نو ,115,1397,2,True,True,True,2760000000
1648, خانی‌آباد نو ,47,1384,1,True,False,True,750000000
1649, خانی‌آباد نو ,67,1386,2,False,True,True,1180000000
1650, خانی‌آباد نو ,74,1388,2,False,False,False,820000000
1651, خانی‌آباد نو ,88,1391,2,True,True,True,1760000000
1652, خانی‌آباد نو ,125,1400,2,True,True,True,2812500000
1653, خانی‌آباد نو ,78,1393,2,True,True,False,1750000000
1654, خانی‌آباد نو ,140,1400,3,True,True,False,3500000000
1655, خانی‌آباد نو ,73,1383,1,False,False,True,1050000000
1656, خانی‌آباد نو ,65,1384,2,False,False,True,800000000
1657, خانی‌آباد نو ,72,1380,2,False,False,False,1050000000
1658, خانی‌آباد نو ,75,1400,2,True,True,False,1820000000
1659, خانی‌آباد نو ,74,1383,1,False,True,True,1445000000
1660, خانی‌آباد نو ,72,1382,1,False,False,False,1150000000
1661, خانی‌آباد نو ,180,1399,3,True,True,True,4590000000
1662, خانی‌آباد نو ,59,1391,2,True,True,True,1121000000
1663, خانی‌آباد نو ,72,1388,2,False,True,True,1300000000
1664, خانی‌آباد نو ,83,1390,2,True,True,True,1900000000
1665, خانی‌آباد نو ,125,1398,2,True,True,True,2937500000
1666, خانی‌آباد نو ,145,1400,3,True,True,False,4350000000
1667, خانی‌آباد نو ,73,1378,1,False,False,True,1100000000
1668, خانی‌آباد نو ,145,1400,2,True,True,True,4000000000
1669, خانی‌آباد نو ,97,1400,2,True,True,True,2130000000
1670, خانی‌آباد نو ,65,1392,1,False,False,True,1170000000
1671, خانی‌آباد نو ,76,1385,1,False,False,True,1100000000
1672, خانی‌آباد نو ,86,1385,2,False,False,True,1462000000
1673, خانی‌آباد نو ,85,1400,2,True,True,False,2210000000
1674, خانی‌آباد نو ,140,1400,3,True,True,False,3550000000
1675, خانی‌آباد نو ,104,1400,2,True,True,True,1035000000
1676, خانی‌آباد نو ,59,1388,1,True,True,True,1062000000
1677, خانی‌آباد نو ,74,1400,1,True,False,False,5180000000
1678, خانی‌آباد نو ,74,1388,2,False,False,True,845000000
1679, خانی‌آباد نو ,62,1390,2,False,False,True,1175000000
1680, خانی‌آباد نو ,65,1380,1,False,False,False,1000000000
1681, خانی‌آباد نو ,130,1399,2,True,True,False,3000000000
1682, خانی‌آباد نو ,64,1383,1,False,False,True,1050000000
1683, خانی‌آباد نو ,74,1381,1,False,False,True,1350000000
1684, خانی‌آباد نو ,125,1399,3,True,True,False,2750000000
1685, خانی‌آباد نو ,93,1390,2,True,True,True,1765000000
1686, خانی‌آباد نو ,74,1387,2,False,False,True,1330000000
1687, خانی‌آباد نو ,64,1384,1,False,True,True,900000000
1688, خانی‌آباد نو ,72,1384,4,False,False,True,1188000000
1689, خانی‌آباد نو ,145,1400,3,True,True,True,4200000000
1690, خانی‌آباد نو ,68,1379,1,False,False,True,970000000
1691, خانی‌آباد نو ,65,1381,1,False,False,True,1050000000
1692, خانی‌آباد نو ,72,1383,1,False,False,True,1095000000
1693, خانی‌آباد نو ,67,1385,2,False,False,False,1100000000
1694, خانی‌آباد نو ,92,1400,2,True,True,False,1890000000
1695, خانی‌آباد نو ,74,1387,2,False,False,True,1330000000
1696, خانی‌آباد نو ,64,1384,1,False,True,True,900000000
1697, خانی‌آباد نو ,72,1384,4,False,False,True,1188000000
1698, خانی‌آباد نو ,145,1400,3,True,True,True,4200000000
1699, خانی‌آباد نو ,68,1379,1,False,False,True,970000000
1700, خانی‌آباد نو ,65,1381,1,False,False,True,1050000000
1701, خانی‌آباد نو ,72,1383,1,False,False,True,1095000000
1702, خانی‌آباد نو ,67,1385,2,False,False,False,1100000000
1703, خانی‌آباد نو ,92,1400,2,True,True,False,1890000000
1704, دانشگاه تهران ,73,1378,2,False,False,True,1650000000
1705, دانشگاه تهران ,202,1370,3,False,True,True,7000000000
1706, دانشگاه تهران ,101,1375,2,False,True,True,3300000000
1707, دانشگاه تهران ,38,1375,1,True,False,False,1050000000
1708, دانشگاه تهران ,73,1375,2,False,False,True,1550000000
1709, دانشگاه تهران ,77,1378,1,False,False,True,1700000000
1710, دانشگاه تهران ,79,1379,1,False,False,True,1800000000
1711, دانشگاه تهران ,42,1374,1,True,True,False,1500000000
1712, دانشگاه تهران ,75,1375,1,False,False,True,1000000000
1713, دانشگاه تهران ,42,1374,1,True,True,False,1500000000
1714, دانشگاه تهران ,75,1375,1,False,False,True,1000000000
1715, دانشگاه تهران ,37,1375,1,True,False,False,1050000000
1716, دانشگاه تهران ,70,1390,1,True,True,True,2800000000
1717, دانشگاه تهران ,110,1370,2,True,False,True,3000000000
1718, دانشگاه تهران ,75,1375,1,False,False,True,1800000000
1719, دانشگاه تهران ,45,1371,1,True,False,False,1000000000
1720, دانشگاه تهران ,70,1394,1,True,True,False,2520000000
1721, دانشگاه تهران ,104,1370,2,False,False,False,1820000000
1722, دانشگاه تهران ,75,1376,2,False,True,True,1200000000
1723, دانشگاه تهران ,42,1374,1,True,True,False,1500000000
1724, دانشگاه تهران ,75,1375,1,False,False,True,1000000000
1725, دانشگاه تهران ,37,1375,1,True,False,False,1050000000
1726, دانشگاه تهران ,70,1390,1,True,True,True,2800000000
1727, دانشگاه تهران ,110,1370,2,True,False,True,3000000000
1728, دانشگاه تهران ,75,1375,1,False,False,True,1800000000
1729, دانشگاه تهران ,45,1371,1,True,False,False,1000000000
1730, دانشگاه تهران ,70,1394,1,True,True,False,2520000000
1731, دانشگاه تهران ,104,1370,2,False,False,False,1820000000
1732, دانشگاه تهران ,75,1376,2,False,True,True,1200000000
1733, دانشگاه تهران ,42,1374,1,True,True,False,1500000000
1734, دانشگاه تهران ,75,1375,1,False,False,True,1000000000
1735, دانشگاه تهران ,37,1375,1,True,False,False,1050000000
1736, دانشگاه تهران ,70,1390,1,True,True,True,2800000000
1737, دانشگاه تهران ,110,1370,2,True,False,True,3000000000
1738, دانشگاه تهران ,75,1375,1,False,False,True,1800000000
1739, دانشگاه تهران ,45,1371,1,True,False,False,1000000000
1740, دانشگاه تهران ,70,1394,1,True,True,False,2520000000
1741, دانشگاه تهران ,104,1370,2,False,False,False,1820000000
1742, دانشگاه تهران ,75,1376,2,False,True,True,1200000000
1743, دانشگاه تهران ,42,1374,1,True,True,False,1500000000
1744, دانشگاه تهران ,75,1375,1,False,False,True,1000000000
1745, دانشگاه تهران ,37,1375,1,True,False,False,1050000000
1746, دانشگاه تهران ,70,1390,1,True,True,True,2800000000
1747, دانشگاه تهران ,110,1370,2,True,False,True,3000000000
1748, دانشگاه تهران ,75,1375,1,False,False,True,1800000000
1749, دانشگاه تهران ,45,1371,1,True,False,False,1000000000
1750, دانشگاه تهران ,70,1394,1,True,True,False,2520000000
1751, دانشگاه تهران ,104,1370,2,False,False,False,1820000000
1752, دانشگاه تهران ,75,1376,2,False,True,True,1200000000
1753, دانشگاه تهران ,42,1374,1,True,True,False,1500000000
1754, دانشگاه تهران ,75,1375,1,False,False,True,1000000000
1755, دانشگاه تهران ,37,1375,1,True,False,False,1050000000
1756, دانشگاه تهران ,70,1390,1,True,True,True,2800000000
1757, دانشگاه تهران ,110,1370,2,True,False,True,3000000000
1758, دانشگاه تهران ,75,1375,1,False,False,True,1800000000
1759, دانشگاه تهران ,45,1371,1,True,False,False,1000000000
1760, دانشگاه تهران ,70,1394,1,True,True,False,2520000000
1761, دانشگاه تهران ,104,1370,2,False,False,False,1820000000
1762, دانشگاه تهران ,75,1376,2,False,True,True,1200000000
1763, دانشگاه تهران ,42,1374,1,True,True,False,1500000000
1764, دانشگاه تهران ,75,1375,1,False,False,True,1000000000
1765, دانشگاه تهران ,37,1375,1,True,False,False,1050000000
1766, دانشگاه تهران ,70,1390,1,True,True,True,2800000000
1767, دانشگاه تهران ,110,1370,2,True,False,True,3000000000
1768, دانشگاه تهران ,75,1375,1,False,False,True,1800000000
1769, دانشگاه تهران ,45,1371,1,True,False,False,1000000000
1770, دانشگاه تهران ,70,1394,1,True,True,False,2520000000
1771, دانشگاه تهران ,104,1370,2,False,False,False,1820000000
1772, دانشگاه تهران ,75,1376,2,False,True,True,1200000000
1773, دانشگاه تهران ,42,1374,1,True,True,False,1500000000
1774, دانشگاه تهران ,75,1375,1,False,False,True,1000000000
1775, دانشگاه تهران ,37,1375,1,True,False,False,1050000000
1776, دانشگاه تهران ,70,1390,1,True,True,True,2800000000
1777, دانشگاه تهران ,110,1370,2,True,False,True,3000000000
1778, دانشگاه تهران ,75,1375,1,False,False,True,1800000000
1779, دانشگاه تهران ,45,1371,1,True,False,False,1000000000
1780, دانشگاه تهران ,70,1394,1,True,True,False,2520000000
1781, دانشگاه تهران ,104,1370,2,False,False,False,1820000000
1782, دانشگاه تهران ,75,1376,2,False,True,True,1200000000
1783, مرزداران ,83,1389,2,True,True,True,4200000000
1784, مرزداران ,125,1397,2,True,True,True,6170000000
1785, مرزداران ,74,1382,2,True,True,True,2500000000
1786, مرزداران ,200,1400,3,True,True,True,15000000000
1787, مرزداران ,110,1393,2,True,True,True,6200000000
1788, مرزداران ,65,1391,1,True,True,True,2650000000
1789, مرزداران ,66,1383,1,True,True,True,3150000000
1790, مرزداران ,66,1382,2,True,True,True,3100000000
1791, مرزداران ,97,1380,2,True,True,True,3950000000
1792, مرزداران ,135,1395,2,True,True,False,4950000000
1793, مرزداران ,62,1391,1,True,True,True,2750000000
1794, مرزداران ,130,1389,3,True,True,True,6250000000
1795, مرزداران ,120,1387,3,True,True,True,4600000000
1796, مرزداران ,115,1396,3,True,True,True,6500000000
1797, مرزداران ,183,1398,3,True,True,True,13750000000
1798, مرزداران ,157,1399,3,True,True,True,8635000000
1799, مرزداران ,105,1383,2,True,True,True,5150000000
1800, مرزداران ,117,1375,2,True,True,True,3800000000
1801, مرزداران ,67,1395,1,True,True,True,3200000000
1802, مرزداران ,162,1380,3,False,True,True,6000000000
1803, مرزداران ,95,1388,2,True,True,True,4400000000
1804, مرزداران ,129,1388,3,True,True,True,5800000000
1805, مرزداران ,74,1382,1,False,False,True,2600000000
1806, مرزداران ,66,1395,1,True,True,True,3200000000
1807, مرزداران ,67,1395,1,True,True,True,3480000000
1808, مرزداران ,121,1395,3,True,True,True,7200000000
1809, مرزداران ,66,1396,2,True,True,True,3450000000
1810, مرزداران ,97,1382,2,True,True,True,3880000000
1811, مرزداران ,100,1393,2,True,True,True,5300000000
1812, مرزداران ,75,1394,2,True,True,True,4190000000
1813, مرزداران ,133,1399,3,True,True,True,9975000000
1814, مرزداران ,90,1395,2,True,True,True,6000000000
1815, مرزداران ,163,1400,3,True,True,True,10600000000
1816, مرزداران ,185,1399,3,True,True,True,13000000000
1817, مرزداران ,160,1392,3,True,True,True,10300000000
1818, مرزداران ,157,1399,3,True,True,True,10210000000
1819, مرزداران ,145,1400,3,True,True,True,8700000000
1820, مرزداران ,57,1395,1,True,True,True,200000000
1821, مرزداران ,88,1396,2,True,True,True,4600000000
1822, مرزداران ,70,1380,2,True,True,False,2585000000
1823, مرزداران ,121,1396,2,True,True,True,7000000000
1824, مرزداران ,88,1394,2,True,True,True,6000000000
1825, مرزداران ,68,1400,1,True,True,True,4080000000
1826, مرزداران ,190,1386,3,True,True,True,8900000000
1827, مرزداران ,90,1381,2,True,True,False,3950000000
1828, مرزداران ,76,1385,2,True,True,True,3500000000
1829, مرزداران ,80,1380,2,True,True,True,3000000000
1830, مرزداران ,52,1388,1,True,True,True,2450000000
1831, مرزداران ,185,1400,3,True,True,True,19425000000
1832, مرزداران ,65,1386,1,True,True,True,3400000000
1833, مرزداران ,55,1400,1,True,True,True,3350000000
1834, مرزداران ,119,1400,2,True,True,True,7750000000
1835, مرزداران ,185,1391,3,True,True,True,12600000000
1836, مرزداران ,130,1386,3,True,True,True,5500000000
1837, مرزداران ,300,1400,4,True,True,True,24000000000
1838, مرزداران ,50,1380,1,True,True,True,2500000000
1839, مرزداران ,185,1395,3,True,True,True,11840000000
1840, مرزداران ,117,1385,2,True,True,True,4300000000
1841, مرزداران ,100,1400,2,True,True,True,1030000000
1842, مرزداران ,98,1398,2,True,True,True,4900000000
1843, مرزداران ,130,1391,3,True,True,True,8600000000
1844, مرزداران ,76,1388,2,True,True,True,3700000000
1845, مرزداران ,75,1386,2,True,True,True,3350000000
1846, مرزداران ,120,1396,2,True,True,True,5000000000
1847, مرزداران ,135,1390,3,True,True,True,8200000000
1848, مرزداران ,89,1394,2,True,True,True,5100000000
1849, مرزداران ,82,1398,2,True,True,True,4500000000
1850, مرزداران ,150,1396,3,True,True,True,7700000000
1851, مرزداران ,95,1399,2,True,True,True,5200000000
1852, مرزداران ,92,1386,2,True,True,True,4140000000
1853, مرزداران ,112,1392,2,True,True,True,5300000000
1854, مرزداران ,95,1395,3,True,True,True,5200000000
1855, مرزداران ,93,1386,2,True,True,True,4420000000
1856, مرزداران ,160,1400,3,True,True,True,9600000000
1857, مرزداران ,149,1399,3,True,True,True,8500000000
